food_name,category,cuisine,meal_type,mood,calories,protein,carbs,fat,fiber,sugar,vegetarian,spicy,ingredients,dietary_tags
Warm Lentil & Baby Spinach Soup,Soup,Mediterranean,Dinner,Stressed,340,18.0,46.0,7.0,11.0,4.0,1,0,"Brown lentils, baby spinach, minced garlic, extra virgin olive oil, lemon, cumin","High-Fiber, Magnesium, Vegan, Anti-Stress"
Ginger Simmered Chicken Broth with Rice,Soup,Asian,Dinner,Low Mood,340,26.0,38.0,8.0,3.0,2.0,0,0,"Poached chicken breast, white jasmine rice, sliced young ginger, scallions","Restorative, Broth, Gut-Friendly, Gluten-Free"
Creamy Roasted Pumpkin Soup with Pepitas,Soup,Continental,Dinner,Relaxed,280,6.0,38.0,11.0,6.0,8.0,1,0,"Roasted sugar pumpkin, light coconut milk, pumpkin seed pepitas, nutmeg","Tryptophan, Soothing, Vegan, Gluten-Free"
Homestyle Garden Vegetable Noodle Soup,Soup,American,Lunch,Low Mood,260,8.0,44.0,5.0,5.0,4.0,1,0,"Whole-wheat ribbon noodles, diced carrots, celery, fragrant herb vegetable broth","Noodle Soup, Restorative, Warm-Comfort, Vegetarian"
Fermented Miso Soup with Silken Tofu & Wakame,Soup,Asian,Lunch,Low Mood,140,9.0,12.0,4.0,3.0,2.0,1,0,"Naturally fermented white miso, silken tofu cubes, wakame seaweed, spring green onions","Probiotic, Gut-Health, Low-Calorie, Vegan"
Tuscan White Bean & Tomato Minestrone,Soup,Italian,Dinner,Low Mood,310,14.0,50.0,6.0,10.0,5.0,1,0,"Cannellini beans, stewed plum tomatoes, zucchini, whole grain ditalini pasta, basil","Cannellini, High-Fiber, Soothing, Mediterranean-Diet, Vegan"
Spiced Black Bean Soup with Crispy Tortillas,Soup,Mexican,Lunch,Tired,330,17.0,52.0,6.0,14.0,3.0,1,1,"Simmered black beans, cumin, Mexican oregano, baked corn tortilla crisps, cilantro","Black Bean, Iron, High-Fiber, Vegan, Gluten-Free"
Silken Tofu & Enoki Mushroom Dashi,Soup,Asian,Dinner,Relaxed,170,14.0,12.0,5.0,3.0,2.0,1,0,"Silken tofu, enoki mushrooms, kombu vegetable dashi broth, scallions","Gentle, Calming, Tryptophan, Ultra-Light, Vegan"
Quinoa & Black Bean Burrito Power Bowl,Bowl,Mexican,Lunch,Tired,460,18.0,70.0,11.0,15.0,4.0,1,1,"White quinoa, spiced simmered black beans, roasted corn, guacamole, salsa verde","Burrito, Iron, Sustained-Energy, High-Fiber, Vegan"
Roasted Sweet Potato & Black Bean Bowl,Bowl,Mexican,Lunch,Stressed,420,14.0,68.0,9.0,14.0,9.0,1,1,"Garnet sweet potatoes, black beans, sweet corn, cilantro, lime vinaigrette","Magnesium, Complex-Carbs, Vegan, Gluten-Free"
Grilled Lemon Herb Chicken & Quinoa Power Bowl,Bowl,American,Lunch,Energetic,480,46.0,46.0,12.0,7.0,3.0,0,0,"Grilled chicken breast, Andean tricolor quinoa, massaged kale, avocado, lemon tahini","Protein Bowl, Pre-Workout, High-Protein, Lean-Muscle"
South Indian Tempered Curd Rice with Pomegranate,Bowl,Indian,Lunch,Low Mood,310,9.0,52.0,7.0,3.0,6.0,1,0,"Cooked basmati rice, probiotic whole curd yogurt, mustard seeds, curry leaves, pomegranate","Curd, Probiotic, Gut-Brain, Ayurvedic, Vegetarian"
Chamomile Steamed Tofu & Brown Jasmine Rice,Bowl,Asian,Dinner,Stressed,390,21.0,49.0,9.0,6.0,2.0,1,0,"Firm tofu cubes, brown jasmine rice, chamomile herbal broth, baby bok choy, sesame oil","Chamomile, Calming, Magnesium, Plant-Protein, Vegan"
Fragrant Jasmine Rice with Steamed Sesame Greens,Bowl,Asian,Dinner,Relaxed,340,8.0,62.0,6.0,5.0,3.0,1,0,"Thai jasmine rice, baby bok choy, sugar snap peas, cold-pressed sesame oil","Jasmine Rice, Gentle, Easy-Digestion, Tryptophan, Vegan"
Buckwheat Soba & Edamame Protein Bowl,Bowl,Asian,Lunch,Energetic,420,20.0,62.0,10.0,8.0,5.0,1,0,"100% buckwheat soba noodles, steamed edamame, purple cabbage, sesame ginger vinaigrette","Protein Bowl, Pre-Workout, Clean-Carbs, Vegan"
Spinach & Moong Dal Khichdi with Ghee,Curry,Indian,Dinner,Stressed,360,15.0,54.0,8.0,8.0,2.0,1,0,"Yellow moong lentils, basmati rice, fresh spinach, turmeric, cumin seeds, pure cow ghee","Spinach, Lentil, Magnesium, Ayurvedic-Comfort, Soothing"
Homestyle Yellow Toor Dal with Cumin Rice,Curry,Indian,Dinner,Relaxed,380,14.0,60.0,7.0,9.0,3.0,1,0,"Yellow toor dal lentils, steamed basmati rice, toasted cumin, mild turmeric, ripe tomato","Lentil, Traditional-Comfort, Tryptophan, Gentle, Vegan"
Iron-Rich Palak Paneer with Whole Wheat Roti,Curry,Indian,Dinner,Tired,420,20.0,38.0,22.0,7.0,4.0,1,1,"Fresh spinach puree, paneer cheese, whole wheat flour roti, garlic, garam masala","Iron, B-Vitamin, High-Protein, Vegetarian"
Wild Atlantic Salmon with Steamed Asparagus,Main,Continental,Dinner,Stressed,480,38.0,12.0,26.0,5.0,2.0,0,0,"Wild salmon fillet, green asparagus spears, virgin olive oil, lemon zest, sea salt","Salmon, Omega-3, Magnesium, High-Protein, Gluten-Free"
Herbal Baked Atlantic Cod with Zucchini,Main,Mediterranean,Dinner,Relaxed,360,36.0,14.0,16.0,4.0,4.0,0,0,"Cod fillet, tender zucchini ribbons, fresh dill, virgin olive oil, garlic","Cod, Tryptophan, Gentle, Light-Dinner, High-Protein"
Grilled Lemon Herb Chicken with Brown Rice,Main,American,Dinner,Energetic,490,46.0,48.0,10.0,7.0,3.0,0,0,"Skinless chicken breast, steamed brown basmati rice, steamed fresh broccoli, olive oil","High-Protein, Pre-Workout, Clean-Fuel, Gluten-Free"
Grilled Pacific Shrimp with Lemon Herb Quinoa,Main,Mediterranean,Dinner,Energetic,390,34.0,38.0,10.0,5.0,2.0,0,0,"Wild white shrimp, tri-color quinoa, Italian flat-leaf parsley, lemon zest, olive oil","Pre-Workout, High-Protein, Lean, Gluten-Free"
Artisanal Margherita Sourdough Flatbread,Main,Italian,Lunch,Happy,460,18.0,56.0,18.0,4.0,5.0,1,0,"San Marzano plum tomatoes, fresh buffalo mozzarella, sweet basil, sourdough olive crust","Flatbread, Pizza, Social, Sensory-Joy, Vegetarian"
Mediterranean Mezze Platter with Baked Falafel,Main,Mediterranean,Lunch,Happy,490,16.0,58.0,22.0,12.0,6.0,1,0,"Baked chickpea falafel, velvety hummus, kalamata olives, diced cucumbers, warm pita","Mezze, Social, High-Fiber, Vegan"
Vegetable Dum Biryani with Cool Mint Raita,Main,Indian,Lunch,Happy,480,13.0,72.0,14.0,7.0,5.0,1,1,"Aged basmati rice, green beans, carrots, saffron threads, fresh mint, cucumber raita","Biryani, Celebration, Social, Aromatic, Vegetarian"
Baja Grilled White Fish Tacos with Purple Slaw,Main,Mexican,Lunch,Happy,440,28.0,42.0,16.0,6.0,4.0,0,1,"Grilled cod, stoneground corn tortillas, shaved purple cabbage, avocado crema, lime","Taco, Social, Lean-Protein, Gluten-Free"
Tandoori Paneer Tikka with Mint Chutney,Main,Indian,Dinner,Happy,410,24.0,14.0,28.0,3.0,4.0,1,1,"Marinated paneer cheese blocks, Kashmiri chili, chickpea flour, lemon, green mint dip","Social, High-Protein, Vegetarian, Gluten-Free"
Oatmeal with Blueberries & Pumpkin Seeds,Breakfast,American,Breakfast,Stressed,320,11.0,48.0,9.0,8.0,10.0,1,0,"Rolled whole oats, wild blueberries, raw pumpkin seeds, almond milk, Ceylon cinnamon","Oatmeal, Pumpkin Seed, Magnesium, Antioxidant, Vegan"
Banana Almond Butter High-Protein Oatmeal,Breakfast,American,Breakfast,Energetic,410,22.0,56.0,13.0,8.0,16.0,1,0,"Rolled oats, plant protein isolate, ripe banana, natural almond butter, cinnamon","Banana, Peanut Butter, Pre-Workout, Protein Bowl, Vegan"
Egg & Avocado Sprouted Whole-Grain Wrap,Breakfast,American,Breakfast,Tired,390,20.0,36.0,18.0,7.0,3.0,1,0,"Scrambled pasture eggs, sprouted tortilla, fresh avocado slices, baby spinach","Avocado Wrap, Egg, B-Vitamin, Clean-Protein, Vegetarian"
Avocado Sourdough Toast with Raw Hemp Hearts,Breakfast,Continental,Breakfast,Stressed,330,9.0,34.0,18.0,9.0,2.0,1,0,"Artisan sourdough bread, mashed Hass avocado, raw hemp seeds, lemon juice, sea salt","Magnesium, Healthy-Fats, High-Fiber, Vegan"
Greek Yogurt Parfait with Granola & Chia Seeds,Breakfast,Mediterranean,Breakfast,Energetic,340,24.0,42.0,9.0,5.0,14.0,1,0,"Nonfat strained Greek yogurt, artisan oat granola, black chia seeds, fresh blackberries","Pre-Workout, High-Protein, Vegetarian, Calcium-Rich"
Rainbow Acai Superfruit Breakfast Bowl,Breakfast,American,Breakfast,Happy,360,8.0,62.0,10.0,9.0,26.0,1,0,"Acai berry puree, ripe banana, golden kiwi slices, wild blueberries, black chia seeds","Acai, Antioxidant, Colorful, Vegan, Flavonoid"
Hard Boiled Pasture Eggs with Everything Spice,Breakfast,American,Breakfast,Tired,150,13.0,2.0,10.0,1.0,1.0,1,0,"Two large pasture-raised eggs, poppy seeds, toasted sesame, garlic flakes, sea salt","Egg, Iron, High-Protein, Zero-Sugar, Vegetarian"
Warm Steel-Cut Oats with Stewed Gala Apples,Breakfast,American,Breakfast,Stressed,340,9.0,54.0,11.0,7.0,14.0,1,0,"Steel-cut oats, cinnamon-stewed Gala apples, crushed raw walnuts, pure maple touch","Oatmeal, Walnut, Comforting, Serotonin-Support, Vegan"
Whipped Ricotta Toast on Sourdough with Honey,Breakfast,Italian,Breakfast,Relaxed,290,12.0,38.0,10.0,3.0,12.0,1,0,"Country sourdough bread, whipped whole milk ricotta cheese, clover honey, sea salt","Tryptophan, Comforting, Vegetarian"
Sprouted Moong Lentil Salad with Pomegranate,Salad,Indian,Lunch,Tired,270,14.0,42.0,4.0,10.0,12.0,1,0,"Sprouted green moong beans, ruby pomegranate arils, shredded carrots, lime juice","Sprout, Iron, Raw-Enzymes, Vegan, Gluten-Free"
"Roasted Beetroot, Walnut & Goat Cheese Salad",Salad,Mediterranean,Lunch,Stressed,340,11.0,28.0,20.0,6.0,16.0,1,0,"Roasted red beets, baby arugula, toasted walnuts, creamy goat cheese, aged balsamic","Beetroot, Nitrate, Walnut, Magnesium, Vegetarian"
Crispy Spiced Chickpea & Tuscan Kale Salad,Salad,Mediterranean,Lunch,Energetic,360,16.0,44.0,14.0,11.0,4.0,1,1,"Paprika roasted chickpeas, chopped lacinato kale, tahini lemon dressing, sunflower seeds","Iron, Pre-Workout, Protein Bowl, Vegan"
Italian Caprese Salad with Buffalo Mozzarella,Salad,Italian,Lunch,Happy,310,16.0,8.0,24.0,2.0,5.0,1,0,"Vine heirloom tomatoes, fresh water buffalo mozzarella, sweet basil, balsamic glaze","Social, Fresh-Simplicity, High-Calcium, Vegetarian"
Golden Turmeric Spiced Warm Almond Milk,Beverage,Indian,Snack,Stressed,160,6.0,16.0,7.0,1.0,12.0,1,0,"Almond milk, ground turmeric root, black pepper, cinnamon, raw honey, cardamom","Anti-Stress, Calming, Anti-Inflammatory, Vegetarian"
Organic Chamomile Peppermint Herbal Infusion,Beverage,Continental,Snack,Stressed,10,0.0,2.0,0.0,0.0,0.0,1,0,"Whole dried chamomile flower heads, crushed spearmint and peppermint leaves, pure water","Chamomile, Peppermint, Soothing, Caffeine-Free, Vegan"
Ceremonial Matcha Oat Milk Green Tea Latte,Beverage,Asian,Snack,Tired,180,4.0,26.0,6.0,3.0,12.0,1,0,"Ceremonial Japanese matcha, barista oat milk, organic blue agave, vanilla extract","Matcha, Iron, Sustained-Focus, Vegan"
"Raw Beetroot, Ginger & Orange Performance Juice",Beverage,Continental,Snack,Energetic,190,4.0,42.0,1.0,5.0,28.0,1,0,"Cold-pressed red beet juice, Valencia orange juice, tender coconut water, fresh ginger","Beetroot, Nitrate, Electrolyte, Pre-Workout, Vegan"
Natural Tender Coconut Water with Fresh Lime,Beverage,Asian,Snack,Energetic,60,1.0,14.0,0.0,1.0,11.0,1,0,"Raw tender green coconut water, Persian lime juice, Himalayan pink salt pinch","Coconut Water, Electrolyte, Hydrating, Potassium, Vegan"
Sparkling Wild Raspberry Garden Mint Spritzer,Beverage,Continental,Snack,Happy,70,1.0,18.0,0.0,3.0,13.0,1,0,"Sparkling mineral water, muddled red raspberries, fresh garden mint, lime splash","Berry, Social, Refreshing, Flavonoid, Vegan"
Caffeine-Free Rooibos Chai with Steamed Oat Milk,Beverage,Indian,Snack,Relaxed,140,3.0,22.0,4.0,1.0,14.0,1,0,"Red rooibos tea, oat milk, crushed green cardamom pods, cinnamon, clove, honey","Soothing-Aromas, Calming, Tryptophan, Vegetarian"
Fresh Organic Strawberries in 72% Dark Chocolate,Dessert,Continental,Snack,Happy,190,3.0,26.0,10.0,4.0,18.0,1,0,"Organic ripe strawberries, 72% dark bittersweet chocolate, flaky sea salt","Dark Chocolate, Strawberry, Flavonoid, Endorphin-Boost, Vegan"
Dark Chocolate & Walnut Magnesium Energy Bites,Snack,American,Snack,Stressed,210,5.0,22.0,12.0,4.0,12.0,1,0,"72% dark chocolate chips, raw English walnuts, medjool dates, rolled oats","Dark Chocolate, Walnut, Magnesium, Anti-Stress, Vegan"
Fresh Guacamole with Stoneground Tortilla Chips,Snack,Mexican,Snack,Happy,320,4.0,36.0,18.0,7.0,2.0,1,1,"Hass avocados, lime juice, jalapeño, sea salt, organic corn tortilla chips","Social, Shareable, Heart-Healthy-Fats, Vegan"
Hummus with Whole-Wheat Pita & Toasted Pepitas,Snack,Mediterranean,Snack,Tired,310,12.0,38.0,14.0,8.0,3.0,1,0,"Chickpea hummus, sesame tahini, whole-wheat pita bread, toasted pepitas, paprika","Pumpkin Seed, Iron, B-Vitamin, Vegan"
Spiced Dry-Roasted Almonds with Smoked Paprika,Snack,Continental,Snack,Energetic,210,7.0,7.0,18.0,4.0,1.0,1,1,"Dry-roasted whole California almonds, smoked Spanish paprika, sea salt","Pre-Workout, Quick-Fuel, Keto-Friendly, Vegan"
Warm Roasted Sweet Potato Mash with Cinnamon,Side,American,Dinner,Low Mood,240,4.0,52.0,3.0,7.0,14.0,1,0,"Roasted sweet potatoes, Ceylon cinnamon, warm unsweetened almond milk, sea salt","Sweet Potato Mash, Restorative, Comforting, Serotonin-Support, Vegan"
Light Warm Lentil & Baby Spinach Soup,Soup,Mediterranean,Dinner,Stressed,289,16.2,36.8,4.9,11.0,4.0,1,0,"Brown lentils, baby spinach, minced garlic, extra virgin olive oil, lemon, cumin","High-Fiber, Magnesium, Vegan, Anti-Stress, Lower-Calorie, Light-Portion"
Light Ginger Simmered Chicken Broth with Rice,Soup,Asian,Dinner,Low Mood,289,23.4,30.4,5.6,3.0,2.0,0,0,"Poached chicken breast, white jasmine rice, sliced young ginger, scallions","Restorative, Broth, Gut-Friendly, Gluten-Free, Lower-Calorie, Light-Portion"
Light Creamy Roasted Pumpkin Soup with Pepitas,Soup,Continental,Dinner,Relaxed,238,5.4,30.4,7.7,6.0,8.0,1,0,"Roasted sugar pumpkin, light coconut milk, pumpkin seed pepitas, nutmeg","Tryptophan, Soothing, Vegan, Gluten-Free, Lower-Calorie, Light-Portion"
Light Homestyle Garden Vegetable Noodle Soup,Soup,American,Lunch,Low Mood,221,7.2,35.2,3.5,5.0,4.0,1,0,"Whole-wheat ribbon noodles, diced carrots, celery, fragrant herb vegetable broth","Noodle Soup, Restorative, Warm-Comfort, Vegetarian, Lower-Calorie, Light-Portion"
Light Fermented Miso Soup with Silken Tofu & Wakame,Soup,Asian,Lunch,Low Mood,119,8.1,9.6,2.8,3.0,2.0,1,0,"Naturally fermented white miso, silken tofu cubes, wakame seaweed, spring green onions","Probiotic, Gut-Health, Low-Calorie, Vegan, Lower-Calorie, Light-Portion"
Light Tuscan White Bean & Tomato Minestrone,Soup,Italian,Dinner,Low Mood,264,12.6,40.0,4.2,10.0,5.0,1,0,"Cannellini beans, stewed plum tomatoes, zucchini, whole grain ditalini pasta, basil","Cannellini, High-Fiber, Soothing, Mediterranean-Diet, Vegan, Lower-Calorie, Light-Portion"
Light Spiced Black Bean Soup with Crispy Tortillas,Soup,Mexican,Lunch,Tired,280,15.3,41.6,4.2,14.0,3.0,1,1,"Simmered black beans, cumin, Mexican oregano, baked corn tortilla crisps, cilantro","Black Bean, Iron, High-Fiber, Vegan, Gluten-Free, Lower-Calorie, Light-Portion"
Light Silken Tofu & Enoki Mushroom Dashi,Soup,Asian,Dinner,Relaxed,144,12.6,9.6,3.5,3.0,2.0,1,0,"Silken tofu, enoki mushrooms, kombu vegetable dashi broth, scallions","Gentle, Calming, Tryptophan, Ultra-Light, Vegan, Lower-Calorie, Light-Portion"
Light Quinoa & Black Bean Burrito Power Bowl,Bowl,Mexican,Lunch,Tired,391,16.2,56.0,7.7,15.0,4.0,1,1,"White quinoa, spiced simmered black beans, roasted corn, guacamole, salsa verde","Burrito, Iron, Sustained-Energy, High-Fiber, Vegan, Lower-Calorie, Light-Portion"
Light Roasted Sweet Potato & Black Bean Bowl,Bowl,Mexican,Lunch,Stressed,357,12.6,54.4,6.3,14.0,9.0,1,1,"Garnet sweet potatoes, black beans, sweet corn, cilantro, lime vinaigrette","Magnesium, Complex-Carbs, Vegan, Gluten-Free, Lower-Calorie, Light-Portion"
Light Grilled Lemon Herb Chicken & Quinoa Power Bowl,Bowl,American,Lunch,Energetic,408,41.4,36.8,8.4,7.0,3.0,0,0,"Grilled chicken breast, Andean tricolor quinoa, massaged kale, avocado, lemon tahini","Protein Bowl, Pre-Workout, High-Protein, Lean-Muscle, Lower-Calorie, Light-Portion"
Light South Indian Tempered Curd Rice with Pomegranate,Bowl,Indian,Lunch,Low Mood,264,8.1,41.6,4.9,3.0,6.0,1,0,"Cooked basmati rice, probiotic whole curd yogurt, mustard seeds, curry leaves, pomegranate","Curd, Probiotic, Gut-Brain, Ayurvedic, Vegetarian, Lower-Calorie, Light-Portion"
Light Chamomile Steamed Tofu & Brown Jasmine Rice,Bowl,Asian,Dinner,Stressed,332,18.9,39.2,6.3,6.0,2.0,1,0,"Firm tofu cubes, brown jasmine rice, chamomile herbal broth, baby bok choy, sesame oil","Chamomile, Calming, Magnesium, Plant-Protein, Vegan, Lower-Calorie, Light-Portion"
Light Fragrant Jasmine Rice with Steamed Sesame Greens,Bowl,Asian,Dinner,Relaxed,289,7.2,49.6,4.2,5.0,3.0,1,0,"Thai jasmine rice, baby bok choy, sugar snap peas, cold-pressed sesame oil","Jasmine Rice, Gentle, Easy-Digestion, Tryptophan, Vegan, Lower-Calorie, Light-Portion"
Light Buckwheat Soba & Edamame Protein Bowl,Bowl,Asian,Lunch,Energetic,357,18.0,49.6,7.0,8.0,5.0,1,0,"100% buckwheat soba noodles, steamed edamame, purple cabbage, sesame ginger vinaigrette","Protein Bowl, Pre-Workout, Clean-Carbs, Vegan, Lower-Calorie, Light-Portion"
Light Spinach & Moong Dal Khichdi with Ghee,Curry,Indian,Dinner,Stressed,306,13.5,43.2,5.6,8.0,2.0,1,0,"Yellow moong lentils, basmati rice, fresh spinach, turmeric, cumin seeds, pure cow ghee","Spinach, Lentil, Magnesium, Ayurvedic-Comfort, Soothing, Lower-Calorie, Light-Portion"
Light Homestyle Yellow Toor Dal with Cumin Rice,Curry,Indian,Dinner,Relaxed,323,12.6,48.0,4.9,9.0,3.0,1,0,"Yellow toor dal lentils, steamed basmati rice, toasted cumin, mild turmeric, ripe tomato","Lentil, Traditional-Comfort, Tryptophan, Gentle, Vegan, Lower-Calorie, Light-Portion"
Light Iron-Rich Palak Paneer with Whole Wheat Roti,Curry,Indian,Dinner,Tired,357,18.0,30.4,15.4,7.0,4.0,1,1,"Fresh spinach puree, paneer cheese, whole wheat flour roti, garlic, garam masala","Iron, B-Vitamin, High-Protein, Vegetarian, Lower-Calorie, Light-Portion"
Light Wild Atlantic Salmon with Steamed Asparagus,Main,Continental,Dinner,Stressed,408,34.2,9.6,18.2,5.0,2.0,0,0,"Wild salmon fillet, green asparagus spears, virgin olive oil, lemon zest, sea salt","Salmon, Omega-3, Magnesium, High-Protein, Gluten-Free, Lower-Calorie, Light-Portion"
Light Herbal Baked Atlantic Cod with Zucchini,Main,Mediterranean,Dinner,Relaxed,306,32.4,11.2,11.2,4.0,4.0,0,0,"Cod fillet, tender zucchini ribbons, fresh dill, virgin olive oil, garlic","Cod, Tryptophan, Gentle, Light-Dinner, High-Protein, Lower-Calorie, Light-Portion"
Light Grilled Lemon Herb Chicken with Brown Rice,Main,American,Dinner,Energetic,416,41.4,38.4,7.0,7.0,3.0,0,0,"Skinless chicken breast, steamed brown basmati rice, steamed fresh broccoli, olive oil","High-Protein, Pre-Workout, Clean-Fuel, Gluten-Free, Lower-Calorie, Light-Portion"
Light Grilled Pacific Shrimp with Lemon Herb Quinoa,Main,Mediterranean,Dinner,Energetic,332,30.6,30.4,7.0,5.0,2.0,0,0,"Wild white shrimp, tri-color quinoa, Italian flat-leaf parsley, lemon zest, olive oil","Pre-Workout, High-Protein, Lean, Gluten-Free, Lower-Calorie, Light-Portion"
Light Artisanal Margherita Sourdough Flatbread,Main,Italian,Lunch,Happy,391,16.2,44.8,12.6,4.0,5.0,1,0,"San Marzano plum tomatoes, fresh buffalo mozzarella, sweet basil, sourdough olive crust","Flatbread, Pizza, Social, Sensory-Joy, Vegetarian, Lower-Calorie, Light-Portion"
Light Mediterranean Mezze Platter with Baked Falafel,Main,Mediterranean,Lunch,Happy,416,14.4,46.4,15.4,12.0,6.0,1,0,"Baked chickpea falafel, velvety hummus, kalamata olives, diced cucumbers, warm pita","Mezze, Social, High-Fiber, Vegan, Lower-Calorie, Light-Portion"
Light Vegetable Dum Biryani with Cool Mint Raita,Main,Indian,Lunch,Happy,408,11.7,57.6,9.8,7.0,5.0,1,1,"Aged basmati rice, green beans, carrots, saffron threads, fresh mint, cucumber raita","Biryani, Celebration, Social, Aromatic, Vegetarian, Lower-Calorie, Light-Portion"
Light Baja Grilled White Fish Tacos with Purple Slaw,Main,Mexican,Lunch,Happy,374,25.2,33.6,11.2,6.0,4.0,0,1,"Grilled cod, stoneground corn tortillas, shaved purple cabbage, avocado crema, lime","Taco, Social, Lean-Protein, Gluten-Free, Lower-Calorie, Light-Portion"
Light Tandoori Paneer Tikka with Mint Chutney,Main,Indian,Dinner,Happy,348,21.6,11.2,19.6,3.0,4.0,1,1,"Marinated paneer cheese blocks, Kashmiri chili, chickpea flour, lemon, green mint dip","Social, High-Protein, Vegetarian, Gluten-Free, Lower-Calorie, Light-Portion"
Light Oatmeal with Blueberries & Pumpkin Seeds,Breakfast,American,Breakfast,Stressed,272,9.9,38.4,6.3,8.0,10.0,1,0,"Rolled whole oats, wild blueberries, raw pumpkin seeds, almond milk, Ceylon cinnamon","Oatmeal, Pumpkin Seed, Magnesium, Antioxidant, Vegan, Lower-Calorie, Light-Portion"
Light Banana Almond Butter High-Protein Oatmeal,Breakfast,American,Breakfast,Energetic,348,19.8,44.8,9.1,8.0,16.0,1,0,"Rolled oats, plant protein isolate, ripe banana, natural almond butter, cinnamon","Banana, Peanut Butter, Pre-Workout, Protein Bowl, Vegan, Lower-Calorie, Light-Portion"
Light Egg & Avocado Sprouted Whole-Grain Wrap,Breakfast,American,Breakfast,Tired,332,18.0,28.8,12.6,7.0,3.0,1,0,"Scrambled pasture eggs, sprouted tortilla, fresh avocado slices, baby spinach","Avocado Wrap, Egg, B-Vitamin, Clean-Protein, Vegetarian, Lower-Calorie, Light-Portion"
Light Avocado Sourdough Toast with Raw Hemp Hearts,Breakfast,Continental,Breakfast,Stressed,280,8.1,27.2,12.6,9.0,2.0,1,0,"Artisan sourdough bread, mashed Hass avocado, raw hemp seeds, lemon juice, sea salt","Magnesium, Healthy-Fats, High-Fiber, Vegan, Lower-Calorie, Light-Portion"
Light Greek Yogurt Parfait with Granola & Chia Seeds,Breakfast,Mediterranean,Breakfast,Energetic,289,21.6,33.6,6.3,5.0,14.0,1,0,"Nonfat strained Greek yogurt, artisan oat granola, black chia seeds, fresh blackberries","Pre-Workout, High-Protein, Vegetarian, Calcium-Rich, Lower-Calorie, Light-Portion"
Light Rainbow Acai Superfruit Breakfast Bowl,Breakfast,American,Breakfast,Happy,306,7.2,49.6,7.0,9.0,26.0,1,0,"Acai berry puree, ripe banana, golden kiwi slices, wild blueberries, black chia seeds","Acai, Antioxidant, Colorful, Vegan, Flavonoid, Lower-Calorie, Light-Portion"
Light Hard Boiled Pasture Eggs with Everything Spice,Breakfast,American,Breakfast,Tired,128,11.7,1.6,7.0,1.0,1.0,1,0,"Two large pasture-raised eggs, poppy seeds, toasted sesame, garlic flakes, sea salt","Egg, Iron, High-Protein, Zero-Sugar, Vegetarian, Lower-Calorie, Light-Portion"
Light Warm Steel-Cut Oats with Stewed Gala Apples,Breakfast,American,Breakfast,Stressed,289,8.1,43.2,7.7,7.0,14.0,1,0,"Steel-cut oats, cinnamon-stewed Gala apples, crushed raw walnuts, pure maple touch","Oatmeal, Walnut, Comforting, Serotonin-Support, Vegan, Lower-Calorie, Light-Portion"
Light Whipped Ricotta Toast on Sourdough with Honey,Breakfast,Italian,Breakfast,Relaxed,246,10.8,30.4,7.0,3.0,12.0,1,0,"Country sourdough bread, whipped whole milk ricotta cheese, clover honey, sea salt","Tryptophan, Comforting, Vegetarian, Lower-Calorie, Light-Portion"
Light Sprouted Moong Lentil Salad with Pomegranate,Salad,Indian,Lunch,Tired,230,12.6,33.6,2.8,10.0,12.0,1,0,"Sprouted green moong beans, ruby pomegranate arils, shredded carrots, lime juice","Sprout, Iron, Raw-Enzymes, Vegan, Gluten-Free, Lower-Calorie, Light-Portion"
"Light Roasted Beetroot, Walnut & Goat Cheese Salad",Salad,Mediterranean,Lunch,Stressed,289,9.9,22.4,14.0,6.0,16.0,1,0,"Roasted red beets, baby arugula, toasted walnuts, creamy goat cheese, aged balsamic","Beetroot, Nitrate, Walnut, Magnesium, Vegetarian, Lower-Calorie, Light-Portion"
Light Crispy Spiced Chickpea & Tuscan Kale Salad,Salad,Mediterranean,Lunch,Energetic,306,14.4,35.2,9.8,11.0,4.0,1,1,"Paprika roasted chickpeas, chopped lacinato kale, tahini lemon dressing, sunflower seeds","Iron, Pre-Workout, Protein Bowl, Vegan, Lower-Calorie, Light-Portion"
Light Italian Caprese Salad with Buffalo Mozzarella,Salad,Italian,Lunch,Happy,264,14.4,6.4,16.8,2.0,5.0,1,0,"Vine heirloom tomatoes, fresh water buffalo mozzarella, sweet basil, balsamic glaze","Social, Fresh-Simplicity, High-Calcium, Vegetarian, Lower-Calorie, Light-Portion"
Light Golden Turmeric Spiced Warm Almond Milk,Beverage,Indian,Snack,Stressed,136,5.4,12.8,4.9,1.0,12.0,1,0,"Almond milk, ground turmeric root, black pepper, cinnamon, raw honey, cardamom","Anti-Stress, Calming, Anti-Inflammatory, Vegetarian, Lower-Calorie, Light-Portion"
Light Organic Chamomile Peppermint Herbal Infusion,Beverage,Continental,Snack,Stressed,8,0.0,1.6,0.0,0.0,0.0,1,0,"Whole dried chamomile flower heads, crushed spearmint and peppermint leaves, pure water","Chamomile, Peppermint, Soothing, Caffeine-Free, Vegan, Lower-Calorie, Light-Portion"
Light Ceremonial Matcha Oat Milk Green Tea Latte,Beverage,Asian,Snack,Tired,153,3.6,20.8,4.2,3.0,12.0,1,0,"Ceremonial Japanese matcha, barista oat milk, organic blue agave, vanilla extract","Matcha, Iron, Sustained-Focus, Vegan, Lower-Calorie, Light-Portion"
"Light Raw Beetroot, Ginger & Orange Performance Juice",Beverage,Continental,Snack,Energetic,162,3.6,33.6,0.7,5.0,28.0,1,0,"Cold-pressed red beet juice, Valencia orange juice, tender coconut water, fresh ginger","Beetroot, Nitrate, Electrolyte, Pre-Workout, Vegan, Lower-Calorie, Light-Portion"
Light Natural Tender Coconut Water with Fresh Lime,Beverage,Asian,Snack,Energetic,51,0.9,11.2,0.0,1.0,11.0,1,0,"Raw tender green coconut water, Persian lime juice, Himalayan pink salt pinch","Coconut Water, Electrolyte, Hydrating, Potassium, Vegan, Lower-Calorie, Light-Portion"
Light Sparkling Wild Raspberry Garden Mint Spritzer,Beverage,Continental,Snack,Happy,60,0.9,14.4,0.0,3.0,13.0,1,0,"Sparkling mineral water, muddled red raspberries, fresh garden mint, lime splash","Berry, Social, Refreshing, Flavonoid, Vegan, Lower-Calorie, Light-Portion"
Light Caffeine-Free Rooibos Chai with Steamed Oat Milk,Beverage,Indian,Snack,Relaxed,119,2.7,17.6,2.8,1.0,14.0,1,0,"Red rooibos tea, oat milk, crushed green cardamom pods, cinnamon, clove, honey","Soothing-Aromas, Calming, Tryptophan, Vegetarian, Lower-Calorie, Light-Portion"
Light Fresh Organic Strawberries in 72% Dark Chocolate,Dessert,Continental,Snack,Happy,162,2.7,20.8,7.0,4.0,18.0,1,0,"Organic ripe strawberries, 72% dark bittersweet chocolate, flaky sea salt","Dark Chocolate, Strawberry, Flavonoid, Endorphin-Boost, Vegan, Lower-Calorie, Light-Portion"
Light Dark Chocolate & Walnut Magnesium Energy Bites,Snack,American,Snack,Stressed,178,4.5,17.6,8.4,4.0,12.0,1,0,"72% dark chocolate chips, raw English walnuts, medjool dates, rolled oats","Dark Chocolate, Walnut, Magnesium, Anti-Stress, Vegan, Lower-Calorie, Light-Portion"
Light Fresh Guacamole with Stoneground Tortilla Chips,Snack,Mexican,Snack,Happy,272,3.6,28.8,12.6,7.0,2.0,1,1,"Hass avocados, lime juice, jalapeño, sea salt, organic corn tortilla chips","Social, Shareable, Heart-Healthy-Fats, Vegan, Lower-Calorie, Light-Portion"
Light Hummus with Whole-Wheat Pita & Toasted Pepitas,Snack,Mediterranean,Snack,Tired,264,10.8,30.4,9.8,8.0,3.0,1,0,"Chickpea hummus, sesame tahini, whole-wheat pita bread, toasted pepitas, paprika","Pumpkin Seed, Iron, B-Vitamin, Vegan, Lower-Calorie, Light-Portion"
Light Spiced Dry-Roasted Almonds with Smoked Paprika,Snack,Continental,Snack,Energetic,178,6.3,5.6,12.6,4.0,1.0,1,1,"Dry-roasted whole California almonds, smoked Spanish paprika, sea salt","Pre-Workout, Quick-Fuel, Keto-Friendly, Vegan, Lower-Calorie, Light-Portion"
Light Warm Roasted Sweet Potato Mash with Cinnamon,Side,American,Dinner,Low Mood,204,3.6,41.6,2.1,7.0,14.0,1,0,"Roasted sweet potatoes, Ceylon cinnamon, warm unsweetened almond milk, sea salt","Sweet Potato Mash, Restorative, Comforting, Serotonin-Support, Vegan, Lower-Calorie, Light-Portion"
Protein-Boosted Warm Lentil & Baby Spinach Soup,Soup,Mediterranean,Dinner,Stressed,391,25.2,43.7,7.4,11.0,4.0,1,0,"Brown lentils, baby spinach, minced garlic, extra virgin olive oil, lemon, cumin","High-Fiber, Magnesium, Vegan, Anti-Stress, Extra-Protein, High-Satiety"
Protein-Boosted Ginger Simmered Chicken Broth with Rice,Soup,Asian,Dinner,Low Mood,391,36.4,36.1,8.4,3.0,2.0,0,0,"Poached chicken breast, white jasmine rice, sliced young ginger, scallions","Restorative, Broth, Gut-Friendly, Gluten-Free, Extra-Protein, High-Satiety"
Protein-Boosted Creamy Roasted Pumpkin Soup with Pepitas,Soup,Continental,Dinner,Relaxed,322,8.4,36.1,11.6,6.0,8.0,1,0,"Roasted sugar pumpkin, light coconut milk, pumpkin seed pepitas, nutmeg","Tryptophan, Soothing, Vegan, Gluten-Free, Extra-Protein, High-Satiety"
Protein-Boosted Homestyle Garden Vegetable Noodle Soup,Soup,American,Lunch,Low Mood,299,11.2,41.8,5.2,5.0,4.0,1,0,"Whole-wheat ribbon noodles, diced carrots, celery, fragrant herb vegetable broth","Noodle Soup, Restorative, Warm-Comfort, Vegetarian, Extra-Protein, High-Satiety"
Protein-Boosted Fermented Miso Soup with Silken Tofu & Wakame,Soup,Asian,Lunch,Low Mood,161,12.6,11.4,4.2,3.0,2.0,1,0,"Naturally fermented white miso, silken tofu cubes, wakame seaweed, spring green onions","Probiotic, Gut-Health, Low-Calorie, Vegan, Extra-Protein, High-Satiety"
Protein-Boosted Tuscan White Bean & Tomato Minestrone,Soup,Italian,Dinner,Tired,356,19.6,47.5,6.3,10.0,5.0,1,0,"Cannellini beans, stewed plum tomatoes, zucchini, whole grain ditalini pasta, basil","Cannellini, High-Fiber, Soothing, Mediterranean-Diet, Vegan, Extra-Protein, High-Satiety"
Protein-Boosted Spiced Black Bean Soup with Crispy Tortillas,Soup,Mexican,Lunch,Tired,379,23.8,49.4,6.3,14.0,3.0,1,1,"Simmered black beans, cumin, Mexican oregano, baked corn tortilla crisps, cilantro","Black Bean, Iron, High-Fiber, Vegan, Gluten-Free, Extra-Protein, High-Satiety"
Protein-Boosted Silken Tofu & Enoki Mushroom Dashi,Soup,Asian,Dinner,Relaxed,195,19.6,11.4,5.2,3.0,2.0,1,0,"Silken tofu, enoki mushrooms, kombu vegetable dashi broth, scallions","Gentle, Calming, Tryptophan, Ultra-Light, Vegan, Extra-Protein, High-Satiety"
Protein-Boosted Quinoa & Black Bean Burrito Power Bowl,Bowl,Mexican,Lunch,Tired,529,25.2,66.5,11.6,15.0,4.0,1,1,"White quinoa, spiced simmered black beans, roasted corn, guacamole, salsa verde","Burrito, Iron, Sustained-Energy, High-Fiber, Vegan, Extra-Protein, High-Satiety"
Protein-Boosted Roasted Sweet Potato & Black Bean Bowl,Bowl,Mexican,Lunch,Stressed,483,19.6,64.6,9.5,14.0,9.0,1,1,"Garnet sweet potatoes, black beans, sweet corn, cilantro, lime vinaigrette","Magnesium, Complex-Carbs, Vegan, Gluten-Free, Extra-Protein, High-Satiety"
Protein-Boosted Grilled Lemon Herb Chicken & Quinoa Power Bowl,Bowl,American,Lunch,Energetic,552,64.4,43.7,12.6,7.0,3.0,0,0,"Grilled chicken breast, Andean tricolor quinoa, massaged kale, avocado, lemon tahini","Protein Bowl, Pre-Workout, High-Protein, Lean-Muscle, Extra-Protein, High-Satiety"
Protein-Boosted South Indian Tempered Curd Rice with Pomegranate,Bowl,Indian,Lunch,Low Mood,356,12.6,49.4,7.4,3.0,6.0,1,0,"Cooked basmati rice, probiotic whole curd yogurt, mustard seeds, curry leaves, pomegranate","Curd, Probiotic, Gut-Brain, Ayurvedic, Vegetarian, Extra-Protein, High-Satiety"
Protein-Boosted Chamomile Steamed Tofu & Brown Jasmine Rice,Bowl,Asian,Dinner,Stressed,448,29.4,46.5,9.5,6.0,2.0,1,0,"Firm tofu cubes, brown jasmine rice, chamomile herbal broth, baby bok choy, sesame oil","Chamomile, Calming, Magnesium, Plant-Protein, Vegan, Extra-Protein, High-Satiety"
Protein-Boosted Fragrant Jasmine Rice with Steamed Sesame Greens,Bowl,Asian,Dinner,Relaxed,391,11.2,58.9,6.3,5.0,3.0,1,0,"Thai jasmine rice, baby bok choy, sugar snap peas, cold-pressed sesame oil","Jasmine Rice, Gentle, Easy-Digestion, Tryptophan, Vegan, Extra-Protein, High-Satiety"
Protein-Boosted Buckwheat Soba & Edamame Protein Bowl,Bowl,Asian,Lunch,Energetic,483,28.0,58.9,10.5,8.0,5.0,1,0,"100% buckwheat soba noodles, steamed edamame, purple cabbage, sesame ginger vinaigrette","Protein Bowl, Pre-Workout, Clean-Carbs, Vegan, Extra-Protein, High-Satiety"
Protein-Boosted Spinach & Moong Dal Khichdi with Ghee,Curry,Indian,Dinner,Stressed,414,21.0,51.3,8.4,8.0,2.0,1,0,"Yellow moong lentils, basmati rice, fresh spinach, turmeric, cumin seeds, pure cow ghee","Spinach, Lentil, Magnesium, Ayurvedic-Comfort, Soothing, Extra-Protein, High-Satiety"
Protein-Boosted Homestyle Yellow Toor Dal with Cumin Rice,Curry,Indian,Dinner,Relaxed,437,19.6,57.0,7.4,9.0,3.0,1,0,"Yellow toor dal lentils, steamed basmati rice, toasted cumin, mild turmeric, ripe tomato","Lentil, Traditional-Comfort, Tryptophan, Gentle, Vegan, Extra-Protein, High-Satiety"
Protein-Boosted Iron-Rich Palak Paneer with Whole Wheat Roti,Curry,Indian,Dinner,Tired,483,28.0,36.1,23.1,7.0,4.0,1,1,"Fresh spinach puree, paneer cheese, whole wheat flour roti, garlic, garam masala","Iron, B-Vitamin, High-Protein, Vegetarian, Extra-Protein, High-Satiety"
Protein-Boosted Wild Atlantic Salmon with Steamed Asparagus,Main,Continental,Dinner,Stressed,552,53.2,11.4,27.3,5.0,2.0,0,0,"Wild salmon fillet, green asparagus spears, virgin olive oil, lemon zest, sea salt","Salmon, Omega-3, Magnesium, High-Protein, Gluten-Free, Extra-Protein, High-Satiety"
Protein-Boosted Herbal Baked Atlantic Cod with Zucchini,Main,Mediterranean,Dinner,Relaxed,414,50.4,13.3,16.8,4.0,4.0,0,0,"Cod fillet, tender zucchini ribbons, fresh dill, virgin olive oil, garlic","Cod, Tryptophan, Gentle, Light-Dinner, High-Protein, Extra-Protein, High-Satiety"
Protein-Boosted Grilled Lemon Herb Chicken with Brown Rice,Main,American,Dinner,Energetic,564,64.4,45.6,10.5,7.0,3.0,0,0,"Skinless chicken breast, steamed brown basmati rice, steamed fresh broccoli, olive oil","High-Protein, Pre-Workout, Clean-Fuel, Gluten-Free, Extra-Protein, High-Satiety"
Protein-Boosted Grilled Pacific Shrimp with Lemon Herb Quinoa,Main,Mediterranean,Dinner,Energetic,448,47.6,36.1,10.5,5.0,2.0,0,0,"Wild white shrimp, tri-color quinoa, Italian flat-leaf parsley, lemon zest, olive oil","Pre-Workout, High-Protein, Lean, Gluten-Free, Extra-Protein, High-Satiety"
Protein-Boosted Artisanal Margherita Sourdough Flatbread,Main,Italian,Lunch,Happy,529,25.2,53.2,18.9,4.0,5.0,1,0,"San Marzano plum tomatoes, fresh buffalo mozzarella, sweet basil, sourdough olive crust","Flatbread, Pizza, Social, Sensory-Joy, Vegetarian, Extra-Protein, High-Satiety"
Protein-Boosted Mediterranean Mezze Platter with Baked Falafel,Main,Mediterranean,Lunch,Happy,564,22.4,55.1,23.1,12.0,6.0,1,0,"Baked chickpea falafel, velvety hummus, kalamata olives, diced cucumbers, warm pita","Mezze, Social, High-Fiber, Vegan, Extra-Protein, High-Satiety"
Protein-Boosted Vegetable Dum Biryani with Cool Mint Raita,Main,Indian,Lunch,Happy,552,18.2,68.4,14.7,7.0,5.0,1,1,"Aged basmati rice, green beans, carrots, saffron threads, fresh mint, cucumber raita","Biryani, Celebration, Social, Aromatic, Vegetarian, Extra-Protein, High-Satiety"
Protein-Boosted Baja Grilled White Fish Tacos with Purple Slaw,Main,Mexican,Lunch,Happy,506,39.2,39.9,16.8,6.0,4.0,0,1,"Grilled cod, stoneground corn tortillas, shaved purple cabbage, avocado crema, lime","Taco, Social, Lean-Protein, Gluten-Free, Extra-Protein, High-Satiety"
Protein-Boosted Tandoori Paneer Tikka with Mint Chutney,Main,Indian,Dinner,Happy,471,33.6,13.3,29.4,3.0,4.0,1,1,"Marinated paneer cheese blocks, Kashmiri chili, chickpea flour, lemon, green mint dip","Social, High-Protein, Vegetarian, Gluten-Free, Extra-Protein, High-Satiety"
Protein-Boosted Oatmeal with Blueberries & Pumpkin Seeds,Breakfast,American,Breakfast,Stressed,368,15.4,45.6,9.5,8.0,10.0,1,0,"Rolled whole oats, wild blueberries, raw pumpkin seeds, almond milk, Ceylon cinnamon","Oatmeal, Pumpkin Seed, Magnesium, Antioxidant, Vegan, Extra-Protein, High-Satiety"
Protein-Boosted Banana Almond Butter High-Protein Oatmeal,Breakfast,American,Breakfast,Energetic,471,30.8,53.2,13.7,8.0,16.0,1,0,"Rolled oats, plant protein isolate, ripe banana, natural almond butter, cinnamon","Banana, Peanut Butter, Pre-Workout, Protein Bowl, Vegan, Extra-Protein, High-Satiety"
Protein-Boosted Egg & Avocado Sprouted Whole-Grain Wrap,Breakfast,American,Breakfast,Tired,448,28.0,34.2,18.9,7.0,3.0,1,0,"Scrambled pasture eggs, sprouted tortilla, fresh avocado slices, baby spinach","Avocado Wrap, Egg, B-Vitamin, Clean-Protein, Vegetarian, Extra-Protein, High-Satiety"
Protein-Boosted Avocado Sourdough Toast with Raw Hemp Hearts,Breakfast,Continental,Breakfast,Stressed,379,12.6,32.3,18.9,9.0,2.0,1,0,"Artisan sourdough bread, mashed Hass avocado, raw hemp seeds, lemon juice, sea salt","Magnesium, Healthy-Fats, High-Fiber, Vegan, Extra-Protein, High-Satiety"
Protein-Boosted Greek Yogurt Parfait with Granola & Chia Seeds,Breakfast,Mediterranean,Breakfast,Energetic,391,33.6,39.9,9.5,5.0,14.0,1,0,"Nonfat strained Greek yogurt, artisan oat granola, black chia seeds, fresh blackberries","Pre-Workout, High-Protein, Vegetarian, Calcium-Rich, Extra-Protein, High-Satiety"
Protein-Boosted Rainbow Acai Superfruit Breakfast Bowl,Breakfast,American,Breakfast,Happy,414,11.2,58.9,10.5,9.0,26.0,1,0,"Acai berry puree, ripe banana, golden kiwi slices, wild blueberries, black chia seeds","Acai, Antioxidant, Colorful, Vegan, Flavonoid, Extra-Protein, High-Satiety"
Protein-Boosted Hard Boiled Pasture Eggs with Everything Spice,Breakfast,American,Breakfast,Tired,172,18.2,1.9,10.5,1.0,1.0,1,0,"Two large pasture-raised eggs, poppy seeds, toasted sesame, garlic flakes, sea salt","Egg, Iron, High-Protein, Zero-Sugar, Vegetarian, Extra-Protein, High-Satiety"
Protein-Boosted Warm Steel-Cut Oats with Stewed Gala Apples,Breakfast,American,Breakfast,Stressed,391,12.6,51.3,11.6,7.0,14.0,1,0,"Steel-cut oats, cinnamon-stewed Gala apples, crushed raw walnuts, pure maple touch","Oatmeal, Walnut, Comforting, Serotonin-Support, Vegan, Extra-Protein, High-Satiety"
Protein-Boosted Whipped Ricotta Toast on Sourdough with Honey,Breakfast,Italian,Breakfast,Relaxed,334,16.8,36.1,10.5,3.0,12.0,1,0,"Country sourdough bread, whipped whole milk ricotta cheese, clover honey, sea salt","Tryptophan, Comforting, Vegetarian, Extra-Protein, High-Satiety"
Protein-Boosted Sprouted Moong Lentil Salad with Pomegranate,Salad,Indian,Lunch,Tired,310,19.6,39.9,4.2,10.0,12.0,1,0,"Sprouted green moong beans, ruby pomegranate arils, shredded carrots, lime juice","Sprout, Iron, Raw-Enzymes, Vegan, Gluten-Free, Extra-Protein, High-Satiety"
"Protein-Boosted Roasted Beetroot, Walnut & Goat Cheese Salad",Salad,Mediterranean,Lunch,Stressed,391,15.4,26.6,21.0,6.0,16.0,1,0,"Roasted red beets, baby arugula, toasted walnuts, creamy goat cheese, aged balsamic","Beetroot, Nitrate, Walnut, Magnesium, Vegetarian, Extra-Protein, High-Satiety"
Protein-Boosted Crispy Spiced Chickpea & Tuscan Kale Salad,Salad,Mediterranean,Lunch,Energetic,414,22.4,41.8,14.7,11.0,4.0,1,1,"Paprika roasted chickpeas, chopped lacinato kale, tahini lemon dressing, sunflower seeds","Iron, Pre-Workout, Protein Bowl, Vegan, Extra-Protein, High-Satiety"
Protein-Boosted Italian Caprese Salad with Buffalo Mozzarella,Salad,Italian,Lunch,Happy,356,22.4,7.6,25.2,2.0,5.0,1,0,"Vine heirloom tomatoes, fresh water buffalo mozzarella, sweet basil, balsamic glaze","Social, Fresh-Simplicity, High-Calcium, Vegetarian, Extra-Protein, High-Satiety"
Protein-Boosted Golden Turmeric Spiced Warm Almond Milk,Beverage,Indian,Snack,Stressed,184,8.4,15.2,7.4,1.0,12.0,1,0,"Almond milk, ground turmeric root, black pepper, cinnamon, raw honey, cardamom","Anti-Stress, Calming, Anti-Inflammatory, Vegetarian, Extra-Protein, High-Satiety"
Protein-Boosted Organic Chamomile Peppermint Herbal Infusion,Beverage,Continental,Snack,Stressed,12,0.0,1.9,0.0,0.0,0.0,1,0,"Whole dried chamomile flower heads, crushed spearmint and peppermint leaves, pure water","Chamomile, Peppermint, Soothing, Caffeine-Free, Vegan, Extra-Protein, High-Satiety"
Protein-Boosted Ceremonial Matcha Oat Milk Green Tea Latte,Beverage,Asian,Snack,Tired,207,5.6,24.7,6.3,3.0,12.0,1,0,"Ceremonial Japanese matcha, barista oat milk, organic blue agave, vanilla extract","Matcha, Iron, Sustained-Focus, Vegan, Extra-Protein, High-Satiety"
"Protein-Boosted Raw Beetroot, Ginger & Orange Performance Juice",Beverage,Continental,Snack,Energetic,218,5.6,39.9,1.1,5.0,28.0,1,0,"Cold-pressed red beet juice, Valencia orange juice, tender coconut water, fresh ginger","Beetroot, Nitrate, Electrolyte, Pre-Workout, Vegan, Extra-Protein, High-Satiety"
Protein-Boosted Natural Tender Coconut Water with Fresh Lime,Beverage,Asian,Snack,Energetic,69,1.4,13.3,0.0,1.0,11.0,1,0,"Raw tender green coconut water, Persian lime juice, Himalayan pink salt pinch","Coconut Water, Electrolyte, Hydrating, Potassium, Vegan, Extra-Protein, High-Satiety"
Protein-Boosted Sparkling Wild Raspberry Garden Mint Spritzer,Beverage,Continental,Snack,Happy,80,1.4,17.1,0.0,3.0,13.0,1,0,"Sparkling mineral water, muddled red raspberries, fresh garden mint, lime splash","Berry, Social, Refreshing, Flavonoid, Vegan, Extra-Protein, High-Satiety"
Protein-Boosted Caffeine-Free Rooibos Chai with Steamed Oat Milk,Beverage,Indian,Snack,Relaxed,161,4.2,20.9,4.2,1.0,14.0,1,0,"Red rooibos tea, oat milk, crushed green cardamom pods, cinnamon, clove, honey","Soothing-Aromas, Calming, Tryptophan, Vegetarian, Extra-Protein, High-Satiety"
Protein-Boosted Fresh Organic Strawberries in 72% Dark Chocolate,Dessert,Continental,Snack,Happy,218,4.2,24.7,10.5,4.0,18.0,1,0,"Organic ripe strawberries, 72% dark bittersweet chocolate, flaky sea salt","Dark Chocolate, Strawberry, Flavonoid, Endorphin-Boost, Vegan, Extra-Protein, High-Satiety"
Protein-Boosted Dark Chocolate & Walnut Magnesium Energy Bites,Snack,American,Snack,Stressed,241,7.0,20.9,12.6,4.0,12.0,1,0,"72% dark chocolate chips, raw English walnuts, medjool dates, rolled oats","Dark Chocolate, Walnut, Magnesium, Anti-Stress, Vegan, Extra-Protein, High-Satiety"
Protein-Boosted Fresh Guacamole with Stoneground Tortilla Chips,Snack,Mexican,Snack,Happy,368,5.6,34.2,18.9,7.0,2.0,1,1,"Hass avocados, lime juice, jalapeño, sea salt, organic corn tortilla chips","Social, Shareable, Heart-Healthy-Fats, Vegan, Extra-Protein, High-Satiety"
Protein-Boosted Hummus with Whole-Wheat Pita & Toasted Pepitas,Snack,Mediterranean,Snack,Tired,356,16.8,36.1,14.7,8.0,3.0,1,0,"Chickpea hummus, sesame tahini, whole-wheat pita bread, toasted pepitas, paprika","Pumpkin Seed, Iron, B-Vitamin, Vegan, Extra-Protein, High-Satiety"
Protein-Boosted Spiced Dry-Roasted Almonds with Smoked Paprika,Snack,Continental,Snack,Energetic,241,9.8,6.6,18.9,4.0,1.0,1,1,"Dry-roasted whole California almonds, smoked Spanish paprika, sea salt","Pre-Workout, Quick-Fuel, Keto-Friendly, Vegan, Extra-Protein, High-Satiety"
Protein-Boosted Warm Roasted Sweet Potato Mash with Cinnamon,Side,American,Dinner,Low Mood,276,5.6,49.4,3.2,7.0,14.0,1,0,"Roasted sweet potatoes, Ceylon cinnamon, warm unsweetened almond milk, sea salt","Sweet Potato Mash, Restorative, Comforting, Serotonin-Support, Vegan, Extra-Protein, High-Satiety"
Hearty Warm Lentil & Baby Spinach Soup,Soup,Mediterranean,Dinner,Stressed,408,19.8,57.5,8.0,11.0,4.0,1,0,"Brown lentils, baby spinach, minced garlic, extra virgin olive oil, lemon, cumin","High-Fiber, Magnesium, Vegan, Anti-Stress, Substantial, Filling, High-Energy"
Hearty Ginger Simmered Chicken Broth with Rice,Soup,Asian,Dinner,Low Mood,408,28.6,47.5,9.2,3.0,2.0,0,0,"Poached chicken breast, white jasmine rice, sliced young ginger, scallions","Restorative, Broth, Gut-Friendly, Gluten-Free, Substantial, Filling, High-Energy"
Hearty Creamy Roasted Pumpkin Soup with Pepitas,Soup,Continental,Dinner,Relaxed,336,6.6,47.5,12.6,6.0,8.0,1,0,"Roasted sugar pumpkin, light coconut milk, pumpkin seed pepitas, nutmeg","Tryptophan, Soothing, Vegan, Gluten-Free, Substantial, Filling, High-Energy"
Hearty Homestyle Garden Vegetable Noodle Soup,Soup,American,Lunch,Low Mood,312,8.8,55.0,5.8,5.0,4.0,1,0,"Whole-wheat ribbon noodles, diced carrots, celery, fragrant herb vegetable broth","Noodle Soup, Restorative, Warm-Comfort, Vegetarian, Substantial, Filling, High-Energy"
Hearty Fermented Miso Soup with Silken Tofu & Wakame,Soup,Asian,Lunch,Low Mood,168,9.9,15.0,4.6,3.0,2.0,1,0,"Naturally fermented white miso, silken tofu cubes, wakame seaweed, spring green onions","Probiotic, Gut-Health, Low-Calorie, Vegan, Substantial, Filling, High-Energy"
Hearty Tuscan White Bean & Tomato Minestrone,Soup,Italian,Dinner,Low Mood,372,15.4,62.5,6.9,10.0,5.0,1,0,"Cannellini beans, stewed plum tomatoes, zucchini, whole grain ditalini pasta, basil","Cannellini, High-Fiber, Soothing, Mediterranean-Diet, Vegan, Substantial, Filling, High-Energy"
Hearty Spiced Black Bean Soup with Crispy Tortillas,Soup,Mexican,Lunch,Tired,396,18.7,65.0,6.9,14.0,3.0,1,1,"Simmered black beans, cumin, Mexican oregano, baked corn tortilla crisps, cilantro","Black Bean, Iron, High-Fiber, Vegan, Gluten-Free, Substantial, Filling, High-Energy"
Hearty Silken Tofu & Enoki Mushroom Dashi,Soup,Asian,Dinner,Relaxed,204,15.4,15.0,5.8,3.0,2.0,1,0,"Silken tofu, enoki mushrooms, kombu vegetable dashi broth, scallions","Gentle, Calming, Tryptophan, Ultra-Light, Vegan, Substantial, Filling, High-Energy"
Hearty Quinoa & Black Bean Burrito Power Bowl,Bowl,Mexican,Lunch,Tired,552,19.8,87.5,12.6,15.0,4.0,1,1,"White quinoa, spiced simmered black beans, roasted corn, guacamole, salsa verde","Burrito, Iron, Sustained-Energy, High-Fiber, Vegan, Substantial, Filling, High-Energy"
Hearty Roasted Sweet Potato & Black Bean Bowl,Bowl,Mexican,Lunch,Stressed,504,15.4,85.0,10.3,14.0,9.0,1,1,"Garnet sweet potatoes, black beans, sweet corn, cilantro, lime vinaigrette","Magnesium, Complex-Carbs, Vegan, Gluten-Free, Substantial, Filling, High-Energy"
Hearty Grilled Lemon Herb Chicken & Quinoa Power Bowl,Bowl,American,Lunch,Energetic,576,50.6,57.5,13.8,7.0,3.0,0,0,"Grilled chicken breast, Andean tricolor quinoa, massaged kale, avocado, lemon tahini","Protein Bowl, Pre-Workout, High-Protein, Lean-Muscle, Substantial, Filling, High-Energy"
Hearty South Indian Tempered Curd Rice with Pomegranate,Bowl,Indian,Lunch,Low Mood,372,9.9,65.0,8.0,3.0,6.0,1,0,"Cooked basmati rice, probiotic whole curd yogurt, mustard seeds, curry leaves, pomegranate","Curd, Probiotic, Gut-Brain, Ayurvedic, Vegetarian, Substantial, Filling, High-Energy"
Hearty Chamomile Steamed Tofu & Brown Jasmine Rice,Bowl,Asian,Dinner,Stressed,468,23.1,61.2,10.3,6.0,2.0,1,0,"Firm tofu cubes, brown jasmine rice, chamomile herbal broth, baby bok choy, sesame oil","Chamomile, Calming, Magnesium, Plant-Protein, Vegan, Substantial, Filling, High-Energy"
Hearty Fragrant Jasmine Rice with Steamed Sesame Greens,Bowl,Asian,Dinner,Relaxed,408,8.8,77.5,6.9,5.0,3.0,1,0,"Thai jasmine rice, baby bok choy, sugar snap peas, cold-pressed sesame oil","Jasmine Rice, Gentle, Easy-Digestion, Tryptophan, Vegan, Substantial, Filling, High-Energy"
Hearty Buckwheat Soba & Edamame Protein Bowl,Bowl,Asian,Lunch,Energetic,504,22.0,77.5,11.5,8.0,5.0,1,0,"100% buckwheat soba noodles, steamed edamame, purple cabbage, sesame ginger vinaigrette","Protein Bowl, Pre-Workout, Clean-Carbs, Vegan, Substantial, Filling, High-Energy"
Hearty Spinach & Moong Dal Khichdi with Ghee,Curry,Indian,Dinner,Stressed,432,16.5,67.5,9.2,8.0,2.0,1,0,"Yellow moong lentils, basmati rice, fresh spinach, turmeric, cumin seeds, pure cow ghee","Spinach, Lentil, Magnesium, Ayurvedic-Comfort, Soothing, Substantial, Filling, High-Energy"
Hearty Homestyle Yellow Toor Dal with Cumin Rice,Curry,Indian,Dinner,Relaxed,456,15.4,75.0,8.0,9.0,3.0,1,0,"Yellow toor dal lentils, steamed basmati rice, toasted cumin, mild turmeric, ripe tomato","Lentil, Traditional-Comfort, Tryptophan, Gentle, Vegan, Substantial, Filling, High-Energy"
Hearty Iron-Rich Palak Paneer with Whole Wheat Roti,Curry,Indian,Dinner,Tired,504,22.0,47.5,25.3,7.0,4.0,1,1,"Fresh spinach puree, paneer cheese, whole wheat flour roti, garlic, garam masala","Iron, B-Vitamin, High-Protein, Vegetarian, Substantial, Filling, High-Energy"
Hearty Wild Atlantic Salmon with Steamed Asparagus,Main,Continental,Dinner,Stressed,576,41.8,15.0,29.9,5.0,2.0,0,0,"Wild salmon fillet, green asparagus spears, virgin olive oil, lemon zest, sea salt","Salmon, Omega-3, Magnesium, High-Protein, Gluten-Free, Substantial, Filling, High-Energy"
Hearty Herbal Baked Atlantic Cod with Zucchini,Main,Mediterranean,Dinner,Relaxed,432,39.6,17.5,18.4,4.0,4.0,0,0,"Cod fillet, tender zucchini ribbons, fresh dill, virgin olive oil, garlic","Cod, Tryptophan, Gentle, Light-Dinner, High-Protein, Substantial, Filling, High-Energy"
Hearty Grilled Lemon Herb Chicken with Brown Rice,Main,American,Dinner,Energetic,588,50.6,60.0,11.5,7.0,3.0,0,0,"Skinless chicken breast, steamed brown basmati rice, steamed fresh broccoli, olive oil","High-Protein, Pre-Workout, Clean-Fuel, Gluten-Free, Substantial, Filling, High-Energy"
Hearty Grilled Pacific Shrimp with Lemon Herb Quinoa,Main,Mediterranean,Dinner,Energetic,468,37.4,47.5,11.5,5.0,2.0,0,0,"Wild white shrimp, tri-color quinoa, Italian flat-leaf parsley, lemon zest, olive oil","Pre-Workout, High-Protein, Lean, Gluten-Free, Substantial, Filling, High-Energy"
Hearty Artisanal Margherita Sourdough Flatbread,Main,Italian,Lunch,Happy,552,19.8,70.0,20.7,4.0,5.0,1,0,"San Marzano plum tomatoes, fresh buffalo mozzarella, sweet basil, sourdough olive crust","Flatbread, Pizza, Social, Sensory-Joy, Vegetarian, Substantial, Filling, High-Energy"
Hearty Mediterranean Mezze Platter with Baked Falafel,Main,Mediterranean,Lunch,Happy,588,17.6,72.5,25.3,12.0,6.0,1,0,"Baked chickpea falafel, velvety hummus, kalamata olives, diced cucumbers, warm pita","Mezze, Social, High-Fiber, Vegan, Substantial, Filling, High-Energy"
Hearty Vegetable Dum Biryani with Cool Mint Raita,Main,Indian,Lunch,Happy,576,14.3,90.0,16.1,7.0,5.0,1,1,"Aged basmati rice, green beans, carrots, saffron threads, fresh mint, cucumber raita","Biryani, Celebration, Social, Aromatic, Vegetarian, Substantial, Filling, High-Energy"
Hearty Baja Grilled White Fish Tacos with Purple Slaw,Main,Mexican,Lunch,Happy,528,30.8,52.5,18.4,6.0,4.0,0,1,"Grilled cod, stoneground corn tortillas, shaved purple cabbage, avocado crema, lime","Taco, Social, Lean-Protein, Gluten-Free, Substantial, Filling, High-Energy"
Hearty Tandoori Paneer Tikka with Mint Chutney,Main,Indian,Dinner,Happy,492,26.4,17.5,32.2,3.0,4.0,1,1,"Marinated paneer cheese blocks, Kashmiri chili, chickpea flour, lemon, green mint dip","Social, High-Protein, Vegetarian, Gluten-Free, Substantial, Filling, High-Energy"
Hearty Oatmeal with Blueberries & Pumpkin Seeds,Breakfast,American,Breakfast,Stressed,384,12.1,60.0,10.3,8.0,10.0,1,0,"Rolled whole oats, wild blueberries, raw pumpkin seeds, almond milk, Ceylon cinnamon","Oatmeal, Pumpkin Seed, Magnesium, Antioxidant, Vegan, Substantial, Filling, High-Energy"
Hearty Banana Almond Butter High-Protein Oatmeal,Breakfast,American,Breakfast,Energetic,492,24.2,70.0,14.9,8.0,16.0,1,0,"Rolled oats, plant protein isolate, ripe banana, natural almond butter, cinnamon","Banana, Peanut Butter, Pre-Workout, Protein Bowl, Vegan, Substantial, Filling, High-Energy"
Hearty Egg & Avocado Sprouted Whole-Grain Wrap,Breakfast,American,Breakfast,Tired,468,22.0,45.0,20.7,7.0,3.0,1,0,"Scrambled pasture eggs, sprouted tortilla, fresh avocado slices, baby spinach","Avocado Wrap, Egg, B-Vitamin, Clean-Protein, Vegetarian, Substantial, Filling, High-Energy"
Hearty Avocado Sourdough Toast with Raw Hemp Hearts,Breakfast,Continental,Breakfast,Stressed,396,9.9,42.5,20.7,9.0,2.0,1,0,"Artisan sourdough bread, mashed Hass avocado, raw hemp seeds, lemon juice, sea salt","Magnesium, Healthy-Fats, High-Fiber, Vegan, Substantial, Filling, High-Energy"
Hearty Greek Yogurt Parfait with Granola & Chia Seeds,Breakfast,Mediterranean,Breakfast,Energetic,408,26.4,52.5,10.3,5.0,14.0,1,0,"Nonfat strained Greek yogurt, artisan oat granola, black chia seeds, fresh blackberries","Pre-Workout, High-Protein, Vegetarian, Calcium-Rich, Substantial, Filling, High-Energy"
Hearty Rainbow Acai Superfruit Breakfast Bowl,Breakfast,American,Breakfast,Happy,432,8.8,77.5,11.5,9.0,26.0,1,0,"Acai berry puree, ripe banana, golden kiwi slices, wild blueberries, black chia seeds","Acai, Antioxidant, Colorful, Vegan, Flavonoid, Substantial, Filling, High-Energy"
Hearty Hard Boiled Pasture Eggs with Everything Spice,Breakfast,American,Breakfast,Tired,180,14.3,2.5,11.5,1.0,1.0,1,0,"Two large pasture-raised eggs, poppy seeds, toasted sesame, garlic flakes, sea salt","Egg, Iron, High-Protein, Zero-Sugar, Vegetarian, Substantial, Filling, High-Energy"
Hearty Warm Steel-Cut Oats with Stewed Gala Apples,Breakfast,American,Breakfast,Stressed,408,9.9,67.5,12.6,7.0,14.0,1,0,"Steel-cut oats, cinnamon-stewed Gala apples, crushed raw walnuts, pure maple touch","Oatmeal, Walnut, Comforting, Serotonin-Support, Vegan, Substantial, Filling, High-Energy"
Hearty Whipped Ricotta Toast on Sourdough with Honey,Breakfast,Italian,Breakfast,Relaxed,348,13.2,47.5,11.5,3.0,12.0,1,0,"Country sourdough bread, whipped whole milk ricotta cheese, clover honey, sea salt","Tryptophan, Comforting, Vegetarian, Substantial, Filling, High-Energy"
Hearty Sprouted Moong Lentil Salad with Pomegranate,Salad,Indian,Lunch,Tired,324,15.4,52.5,4.6,10.0,12.0,1,0,"Sprouted green moong beans, ruby pomegranate arils, shredded carrots, lime juice","Sprout, Iron, Raw-Enzymes, Vegan, Gluten-Free, Substantial, Filling, High-Energy"
"Hearty Roasted Beetroot, Walnut & Goat Cheese Salad",Salad,Mediterranean,Lunch,Stressed,408,12.1,35.0,23.0,6.0,16.0,1,0,"Roasted red beets, baby arugula, toasted walnuts, creamy goat cheese, aged balsamic","Beetroot, Nitrate, Walnut, Magnesium, Vegetarian, Substantial, Filling, High-Energy"
Hearty Crispy Spiced Chickpea & Tuscan Kale Salad,Salad,Mediterranean,Lunch,Energetic,432,17.6,55.0,16.1,11.0,4.0,1,1,"Paprika roasted chickpeas, chopped lacinato kale, tahini lemon dressing, sunflower seeds","Iron, Pre-Workout, Protein Bowl, Vegan, Substantial, Filling, High-Energy"
Hearty Italian Caprese Salad with Buffalo Mozzarella,Salad,Italian,Lunch,Happy,372,17.6,10.0,27.6,2.0,5.0,1,0,"Vine heirloom tomatoes, fresh water buffalo mozzarella, sweet basil, balsamic glaze","Social, Fresh-Simplicity, High-Calcium, Vegetarian, Substantial, Filling, High-Energy"
Hearty Golden Turmeric Spiced Warm Almond Milk,Beverage,Indian,Snack,Stressed,192,6.6,20.0,8.0,1.0,12.0,1,0,"Almond milk, ground turmeric root, black pepper, cinnamon, raw honey, cardamom","Anti-Stress, Calming, Anti-Inflammatory, Vegetarian, Substantial, Filling, High-Energy"
Hearty Organic Chamomile Peppermint Herbal Infusion,Beverage,Continental,Snack,Stressed,12,0.0,2.5,0.0,0.0,0.0,1,0,"Whole dried chamomile flower heads, crushed spearmint and peppermint leaves, pure water","Chamomile, Peppermint, Soothing, Caffeine-Free, Vegan, Substantial, Filling, High-Energy"
Hearty Ceremonial Matcha Oat Milk Green Tea Latte,Beverage,Asian,Snack,Tired,216,4.4,32.5,6.9,3.0,12.0,1,0,"Ceremonial Japanese matcha, barista oat milk, organic blue agave, vanilla extract","Matcha, Iron, Sustained-Focus, Vegan, Substantial, Filling, High-Energy"
"Hearty Raw Beetroot, Ginger & Orange Performance Juice",Beverage,Continental,Snack,Energetic,228,4.4,52.5,1.1,5.0,28.0,1,0,"Cold-pressed red beet juice, Valencia orange juice, tender coconut water, fresh ginger","Beetroot, Nitrate, Electrolyte, Pre-Workout, Vegan, Substantial, Filling, High-Energy"
Hearty Natural Tender Coconut Water with Fresh Lime,Beverage,Asian,Snack,Energetic,72,1.1,17.5,0.0,1.0,11.0,1,0,"Raw tender green coconut water, Persian lime juice, Himalayan pink salt pinch","Coconut Water, Electrolyte, Hydrating, Potassium, Vegan, Substantial, Filling, High-Energy"
Hearty Sparkling Wild Raspberry Garden Mint Spritzer,Beverage,Continental,Snack,Happy,84,1.1,22.5,0.0,3.0,13.0,1,0,"Sparkling mineral water, muddled red raspberries, fresh garden mint, lime splash","Berry, Social, Refreshing, Flavonoid, Vegan, Substantial, Filling, High-Energy"
Hearty Caffeine-Free Rooibos Chai with Steamed Oat Milk,Beverage,Indian,Snack,Relaxed,168,3.3,27.5,4.6,1.0,14.0,1,0,"Red rooibos tea, oat milk, crushed green cardamom pods, cinnamon, clove, honey","Soothing-Aromas, Calming, Tryptophan, Vegetarian, Substantial, Filling, High-Energy"
Hearty Fresh Organic Strawberries in 72% Dark Chocolate,Dessert,Continental,Snack,Happy,228,3.3,32.5,11.5,4.0,18.0,1,0,"Organic ripe strawberries, 72% dark bittersweet chocolate, flaky sea salt","Dark Chocolate, Strawberry, Flavonoid, Endorphin-Boost, Vegan, Substantial, Filling, High-Energy"
Hearty Dark Chocolate & Walnut Magnesium Energy Bites,Snack,American,Snack,Stressed,252,5.5,27.5,13.8,4.0,12.0,1,0,"72% dark chocolate chips, raw English walnuts, medjool dates, rolled oats","Dark Chocolate, Walnut, Magnesium, Anti-Stress, Vegan, Substantial, Filling, High-Energy"
Hearty Fresh Guacamole with Stoneground Tortilla Chips,Snack,Mexican,Snack,Happy,384,4.4,45.0,20.7,7.0,2.0,1,1,"Hass avocados, lime juice, jalapeño, sea salt, organic corn tortilla chips","Social, Shareable, Heart-Healthy-Fats, Vegan, Substantial, Filling, High-Energy"
Hearty Hummus with Whole-Wheat Pita & Toasted Pepitas,Snack,Mediterranean,Snack,Tired,372,13.2,47.5,16.1,8.0,3.0,1,0,"Chickpea hummus, sesame tahini, whole-wheat pita bread, toasted pepitas, paprika","Pumpkin Seed, Iron, B-Vitamin, Vegan, Substantial, Filling, High-Energy"
Hearty Spiced Dry-Roasted Almonds with Smoked Paprika,Snack,Continental,Snack,Energetic,252,7.7,8.8,20.7,4.0,1.0,1,1,"Dry-roasted whole California almonds, smoked Spanish paprika, sea salt","Pre-Workout, Quick-Fuel, Keto-Friendly, Vegan, Substantial, Filling, High-Energy"
Hearty Warm Roasted Sweet Potato Mash with Cinnamon,Side,American,Dinner,Low Mood,288,4.4,65.0,3.4,7.0,14.0,1,0,"Roasted sweet potatoes, Ceylon cinnamon, warm unsweetened almond milk, sea salt","Sweet Potato Mash, Restorative, Comforting, Serotonin-Support, Vegan, Substantial, Filling, High-Energy"
Herbal-Spiced Warm Lentil & Baby Spinach Soup,Soup,Mediterranean,Dinner,Stressed,323,18.0,43.7,6.3,11.0,4.0,1,0,"Brown lentils, baby spinach, minced garlic, extra virgin olive oil, lemon, cumin","High-Fiber, Magnesium, Vegan, Anti-Stress, Herbal-Enhanced, Digestive-Support"
Herbal-Spiced Ginger Simmered Chicken Broth with Rice,Soup,Asian,Dinner,Low Mood,323,26.0,36.1,7.2,3.0,2.0,0,0,"Poached chicken breast, white jasmine rice, sliced young ginger, scallions","Restorative, Broth, Gut-Friendly, Gluten-Free, Herbal-Enhanced, Digestive-Support"
Herbal-Spiced Creamy Roasted Pumpkin Soup with Pepitas,Soup,Continental,Dinner,Relaxed,266,6.0,36.1,9.9,6.0,8.0,1,0,"Roasted sugar pumpkin, light coconut milk, pumpkin seed pepitas, nutmeg","Tryptophan, Soothing, Vegan, Gluten-Free, Herbal-Enhanced, Digestive-Support"
Herbal-Spiced Homestyle Garden Vegetable Noodle Soup,Soup,American,Lunch,Low Mood,247,8.0,41.8,4.5,5.0,4.0,1,0,"Whole-wheat ribbon noodles, diced carrots, celery, fragrant herb vegetable broth","Noodle Soup, Restorative, Warm-Comfort, Vegetarian, Herbal-Enhanced, Digestive-Support"
Herbal-Spiced Fermented Miso Soup with Silken Tofu & Wakame,Soup,Asian,Lunch,Low Mood,133,9.0,11.4,3.6,3.0,2.0,1,0,"Naturally fermented white miso, silken tofu cubes, wakame seaweed, spring green onions","Probiotic, Gut-Health, Low-Calorie, Vegan, Herbal-Enhanced, Digestive-Support"
Herbal-Spiced Tuscan White Bean & Tomato Minestrone,Soup,Italian,Dinner,Low Mood,294,14.0,47.5,5.4,10.0,5.0,1,0,"Cannellini beans, stewed plum tomatoes, zucchini, whole grain ditalini pasta, basil","Cannellini, High-Fiber, Soothing, Mediterranean-Diet, Vegan, Herbal-Enhanced, Digestive-Support"
Herbal-Spiced Spiced Black Bean Soup with Crispy Tortillas,Soup,Mexican,Lunch,Tired,314,17.0,49.4,5.4,14.0,3.0,1,1,"Simmered black beans, cumin, Mexican oregano, baked corn tortilla crisps, cilantro","Black Bean, Iron, High-Fiber, Vegan, Gluten-Free, Herbal-Enhanced, Digestive-Support"
Herbal-Spiced Silken Tofu & Enoki Mushroom Dashi,Soup,Asian,Dinner,Relaxed,162,14.0,11.4,4.5,3.0,2.0,1,0,"Silken tofu, enoki mushrooms, kombu vegetable dashi broth, scallions","Gentle, Calming, Tryptophan, Ultra-Light, Vegan, Herbal-Enhanced, Digestive-Support"
Herbal-Spiced Quinoa & Black Bean Burrito Power Bowl,Bowl,Mexican,Lunch,Tired,437,18.0,66.5,9.9,15.0,4.0,1,1,"White quinoa, spiced simmered black beans, roasted corn, guacamole, salsa verde","Burrito, Iron, Sustained-Energy, High-Fiber, Vegan, Herbal-Enhanced, Digestive-Support"
Herbal-Spiced Roasted Sweet Potato & Black Bean Bowl,Bowl,Mexican,Lunch,Stressed,399,14.0,64.6,8.1,14.0,9.0,1,1,"Garnet sweet potatoes, black beans, sweet corn, cilantro, lime vinaigrette","Magnesium, Complex-Carbs, Vegan, Gluten-Free, Herbal-Enhanced, Digestive-Support"
Herbal-Spiced Grilled Lemon Herb Chicken & Quinoa Power Bowl,Bowl,American,Lunch,Energetic,456,46.0,43.7,10.8,7.0,3.0,0,0,"Grilled chicken breast, Andean tricolor quinoa, massaged kale, avocado, lemon tahini","Protein Bowl, Pre-Workout, High-Protein, Lean-Muscle, Herbal-Enhanced, Digestive-Support"
Herbal-Spiced South Indian Tempered Curd Rice with Pomegranate,Bowl,Indian,Lunch,Low Mood,294,9.0,49.4,6.3,3.0,6.0,1,0,"Cooked basmati rice, probiotic whole curd yogurt, mustard seeds, curry leaves, pomegranate","Curd, Probiotic, Gut-Brain, Ayurvedic, Vegetarian, Herbal-Enhanced, Digestive-Support"
Herbal-Spiced Chamomile Steamed Tofu & Brown Jasmine Rice,Bowl,Asian,Dinner,Stressed,370,21.0,46.5,8.1,6.0,2.0,1,0,"Firm tofu cubes, brown jasmine rice, chamomile herbal broth, baby bok choy, sesame oil","Chamomile, Calming, Magnesium, Plant-Protein, Vegan, Herbal-Enhanced, Digestive-Support"
Herbal-Spiced Fragrant Jasmine Rice with Steamed Sesame Greens,Bowl,Asian,Dinner,Relaxed,323,8.0,58.9,5.4,5.0,3.0,1,0,"Thai jasmine rice, baby bok choy, sugar snap peas, cold-pressed sesame oil","Jasmine Rice, Gentle, Easy-Digestion, Tryptophan, Vegan, Herbal-Enhanced, Digestive-Support"
Herbal-Spiced Buckwheat Soba & Edamame Protein Bowl,Bowl,Asian,Lunch,Energetic,399,20.0,58.9,9.0,8.0,5.0,1,0,"100% buckwheat soba noodles, steamed edamame, purple cabbage, sesame ginger vinaigrette","Protein Bowl, Pre-Workout, Clean-Carbs, Vegan, Herbal-Enhanced, Digestive-Support"
Herbal-Spiced Spinach & Moong Dal Khichdi with Ghee,Curry,Indian,Dinner,Stressed,342,15.0,51.3,7.2,8.0,2.0,1,0,"Yellow moong lentils, basmati rice, fresh spinach, turmeric, cumin seeds, pure cow ghee","Spinach, Lentil, Magnesium, Ayurvedic-Comfort, Soothing, Herbal-Enhanced, Digestive-Support"
Herbal-Spiced Homestyle Yellow Toor Dal with Cumin Rice,Curry,Indian,Dinner,Relaxed,361,14.0,57.0,6.3,9.0,3.0,1,0,"Yellow toor dal lentils, steamed basmati rice, toasted cumin, mild turmeric, ripe tomato","Lentil, Traditional-Comfort, Tryptophan, Gentle, Vegan, Herbal-Enhanced, Digestive-Support"
Herbal-Spiced Iron-Rich Palak Paneer with Whole Wheat Roti,Curry,Indian,Dinner,Tired,399,20.0,36.1,19.8,7.0,4.0,1,1,"Fresh spinach puree, paneer cheese, whole wheat flour roti, garlic, garam masala","Iron, B-Vitamin, High-Protein, Vegetarian, Herbal-Enhanced, Digestive-Support"
Herbal-Spiced Wild Atlantic Salmon with Steamed Asparagus,Main,Continental,Dinner,Stressed,456,38.0,11.4,23.4,5.0,2.0,0,0,"Wild salmon fillet, green asparagus spears, virgin olive oil, lemon zest, sea salt","Salmon, Omega-3, Magnesium, High-Protein, Gluten-Free, Herbal-Enhanced, Digestive-Support"
Herbal-Spiced Herbal Baked Atlantic Cod with Zucchini,Main,Mediterranean,Dinner,Relaxed,342,36.0,13.3,14.4,4.0,4.0,0,0,"Cod fillet, tender zucchini ribbons, fresh dill, virgin olive oil, garlic","Cod, Tryptophan, Gentle, Light-Dinner, High-Protein, Herbal-Enhanced, Digestive-Support"
Herbal-Spiced Grilled Lemon Herb Chicken with Brown Rice,Main,American,Dinner,Energetic,466,46.0,45.6,9.0,7.0,3.0,0,0,"Skinless chicken breast, steamed brown basmati rice, steamed fresh broccoli, olive oil","High-Protein, Pre-Workout, Clean-Fuel, Gluten-Free, Herbal-Enhanced, Digestive-Support"
Herbal-Spiced Grilled Pacific Shrimp with Lemon Herb Quinoa,Main,Mediterranean,Dinner,Energetic,370,34.0,36.1,9.0,5.0,2.0,0,0,"Wild white shrimp, tri-color quinoa, Italian flat-leaf parsley, lemon zest, olive oil","Pre-Workout, High-Protein, Lean, Gluten-Free, Herbal-Enhanced, Digestive-Support"
Herbal-Spiced Artisanal Margherita Sourdough Flatbread,Main,Italian,Lunch,Happy,437,18.0,53.2,16.2,4.0,5.0,1,0,"San Marzano plum tomatoes, fresh buffalo mozzarella, sweet basil, sourdough olive crust","Flatbread, Pizza, Social, Sensory-Joy, Vegetarian, Herbal-Enhanced, Digestive-Support"
Herbal-Spiced Mediterranean Mezze Platter with Baked Falafel,Main,Mediterranean,Lunch,Happy,466,16.0,55.1,19.8,12.0,6.0,1,0,"Baked chickpea falafel, velvety hummus, kalamata olives, diced cucumbers, warm pita","Mezze, Social, High-Fiber, Vegan, Herbal-Enhanced, Digestive-Support"
Herbal-Spiced Vegetable Dum Biryani with Cool Mint Raita,Main,Indian,Lunch,Happy,456,13.0,68.4,12.6,7.0,5.0,1,1,"Aged basmati rice, green beans, carrots, saffron threads, fresh mint, cucumber raita","Biryani, Celebration, Social, Aromatic, Vegetarian, Herbal-Enhanced, Digestive-Support"
Herbal-Spiced Baja Grilled White Fish Tacos with Purple Slaw,Main,Mexican,Lunch,Happy,418,28.0,39.9,14.4,6.0,4.0,0,1,"Grilled cod, stoneground corn tortillas, shaved purple cabbage, avocado crema, lime","Taco, Social, Lean-Protein, Gluten-Free, Herbal-Enhanced, Digestive-Support"
Herbal-Spiced Tandoori Paneer Tikka with Mint Chutney,Main,Indian,Dinner,Happy,390,24.0,13.3,25.2,3.0,4.0,1,1,"Marinated paneer cheese blocks, Kashmiri chili, chickpea flour, lemon, green mint dip","Social, High-Protein, Vegetarian, Gluten-Free, Herbal-Enhanced, Digestive-Support"
Herbal-Spiced Oatmeal with Blueberries & Pumpkin Seeds,Breakfast,American,Breakfast,Stressed,304,11.0,45.6,8.1,8.0,10.0,1,0,"Rolled whole oats, wild blueberries, raw pumpkin seeds, almond milk, Ceylon cinnamon","Oatmeal, Pumpkin Seed, Magnesium, Antioxidant, Vegan, Herbal-Enhanced, Digestive-Support"
Herbal-Spiced Banana Almond Butter High-Protein Oatmeal,Breakfast,American,Breakfast,Energetic,390,22.0,53.2,11.7,8.0,16.0,1,0,"Rolled oats, plant protein isolate, ripe banana, natural almond butter, cinnamon","Banana, Peanut Butter, Pre-Workout, Protein Bowl, Vegan, Herbal-Enhanced, Digestive-Support"
Herbal-Spiced Egg & Avocado Sprouted Whole-Grain Wrap,Breakfast,American,Breakfast,Tired,370,20.0,34.2,16.2,7.0,3.0,1,0,"Scrambled pasture eggs, sprouted tortilla, fresh avocado slices, baby spinach","Avocado Wrap, Egg, B-Vitamin, Clean-Protein, Vegetarian, Herbal-Enhanced, Digestive-Support"
Herbal-Spiced Avocado Sourdough Toast with Raw Hemp Hearts,Breakfast,Continental,Breakfast,Stressed,314,9.0,32.3,16.2,9.0,2.0,1,0,"Artisan sourdough bread, mashed Hass avocado, raw hemp seeds, lemon juice, sea salt","Magnesium, Healthy-Fats, High-Fiber, Vegan, Herbal-Enhanced, Digestive-Support"
Herbal-Spiced Greek Yogurt Parfait with Granola & Chia Seeds,Breakfast,Mediterranean,Breakfast,Energetic,323,24.0,39.9,8.1,5.0,14.0,1,0,"Nonfat strained Greek yogurt, artisan oat granola, black chia seeds, fresh blackberries","Pre-Workout, High-Protein, Vegetarian, Calcium-Rich, Herbal-Enhanced, Digestive-Support"
Herbal-Spiced Rainbow Acai Superfruit Breakfast Bowl,Breakfast,American,Breakfast,Happy,342,8.0,58.9,9.0,9.0,26.0,1,0,"Acai berry puree, ripe banana, golden kiwi slices, wild blueberries, black chia seeds","Acai, Antioxidant, Colorful, Vegan, Flavonoid, Herbal-Enhanced, Digestive-Support"
Herbal-Spiced Hard Boiled Pasture Eggs with Everything Spice,Breakfast,American,Breakfast,Tired,142,13.0,1.9,9.0,1.0,1.0,1,0,"Two large pasture-raised eggs, poppy seeds, toasted sesame, garlic flakes, sea salt","Egg, Iron, High-Protein, Zero-Sugar, Vegetarian, Herbal-Enhanced, Digestive-Support"
Herbal-Spiced Warm Steel-Cut Oats with Stewed Gala Apples,Breakfast,American,Breakfast,Stressed,323,9.0,51.3,9.9,7.0,14.0,1,0,"Steel-cut oats, cinnamon-stewed Gala apples, crushed raw walnuts, pure maple touch","Oatmeal, Walnut, Comforting, Serotonin-Support, Vegan, Herbal-Enhanced, Digestive-Support"
Herbal-Spiced Whipped Ricotta Toast on Sourdough with Honey,Breakfast,Italian,Breakfast,Relaxed,276,12.0,36.1,9.0,3.0,12.0,1,0,"Country sourdough bread, whipped whole milk ricotta cheese, clover honey, sea salt","Tryptophan, Comforting, Vegetarian, Herbal-Enhanced, Digestive-Support"
Herbal-Spiced Sprouted Moong Lentil Salad with Pomegranate,Salad,Indian,Lunch,Tired,256,14.0,39.9,3.6,10.0,12.0,1,0,"Sprouted green moong beans, ruby pomegranate arils, shredded carrots, lime juice","Sprout, Iron, Raw-Enzymes, Vegan, Gluten-Free, Herbal-Enhanced, Digestive-Support"
"Herbal-Spiced Roasted Beetroot, Walnut & Goat Cheese Salad",Salad,Mediterranean,Lunch,Stressed,323,11.0,26.6,18.0,6.0,16.0,1,0,"Roasted red beets, baby arugula, toasted walnuts, creamy goat cheese, aged balsamic","Beetroot, Nitrate, Walnut, Magnesium, Vegetarian, Herbal-Enhanced, Digestive-Support"
Herbal-Spiced Crispy Spiced Chickpea & Tuscan Kale Salad,Salad,Mediterranean,Lunch,Energetic,342,16.0,41.8,12.6,11.0,4.0,1,1,"Paprika roasted chickpeas, chopped lacinato kale, tahini lemon dressing, sunflower seeds","Iron, Pre-Workout, Protein Bowl, Vegan, Herbal-Enhanced, Digestive-Support"
Herbal-Spiced Italian Caprese Salad with Buffalo Mozzarella,Salad,Italian,Lunch,Happy,294,16.0,7.6,21.6,2.0,5.0,1,0,"Vine heirloom tomatoes, fresh water buffalo mozzarella, sweet basil, balsamic glaze","Social, Fresh-Simplicity, High-Calcium, Vegetarian, Herbal-Enhanced, Digestive-Support"
Herbal-Spiced Golden Turmeric Spiced Warm Almond Milk,Beverage,Indian,Snack,Stressed,152,6.0,15.2,6.3,1.0,12.0,1,0,"Almond milk, ground turmeric root, black pepper, cinnamon, raw honey, cardamom","Anti-Stress, Calming, Anti-Inflammatory, Vegetarian, Herbal-Enhanced, Digestive-Support"
Herbal-Spiced Organic Chamomile Peppermint Herbal Infusion,Beverage,Continental,Snack,Stressed,10,0.0,1.9,0.0,0.0,0.0,1,0,"Whole dried chamomile flower heads, crushed spearmint and peppermint leaves, pure water","Chamomile, Peppermint, Soothing, Caffeine-Free, Vegan, Herbal-Enhanced, Digestive-Support"
Herbal-Spiced Ceremonial Matcha Oat Milk Green Tea Latte,Beverage,Asian,Snack,Tired,171,4.0,24.7,5.4,3.0,12.0,1,0,"Ceremonial Japanese matcha, barista oat milk, organic blue agave, vanilla extract","Matcha, Iron, Sustained-Focus, Vegan, Herbal-Enhanced, Digestive-Support"
"Herbal-Spiced Raw Beetroot, Ginger & Orange Performance Juice",Beverage,Continental,Snack,Energetic,180,4.0,39.9,0.9,5.0,28.0,1,0,"Cold-pressed red beet juice, Valencia orange juice, tender coconut water, fresh ginger","Beetroot, Nitrate, Electrolyte, Pre-Workout, Vegan, Herbal-Enhanced, Digestive-Support"
Herbal-Spiced Natural Tender Coconut Water with Fresh Lime,Beverage,Asian,Snack,Energetic,57,1.0,13.3,0.0,1.0,11.0,1,0,"Raw tender green coconut water, Persian lime juice, Himalayan pink salt pinch","Coconut Water, Electrolyte, Hydrating, Potassium, Vegan, Herbal-Enhanced, Digestive-Support"
Herbal-Spiced Sparkling Wild Raspberry Garden Mint Spritzer,Beverage,Continental,Snack,Happy,66,1.0,17.1,0.0,3.0,13.0,1,0,"Sparkling mineral water, muddled red raspberries, fresh garden mint, lime splash","Berry, Social, Refreshing, Flavonoid, Vegan, Herbal-Enhanced, Digestive-Support"
Herbal-Spiced Caffeine-Free Rooibos Chai with Steamed Oat Milk,Beverage,Indian,Snack,Relaxed,133,3.0,20.9,3.6,1.0,14.0,1,0,"Red rooibos tea, oat milk, crushed green cardamom pods, cinnamon, clove, honey","Soothing-Aromas, Calming, Tryptophan, Vegetarian, Herbal-Enhanced, Digestive-Support"
Herbal-Spiced Fresh Organic Strawberries in 72% Dark Chocolate,Dessert,Continental,Snack,Happy,180,3.0,24.7,9.0,4.0,18.0,1,0,"Organic ripe strawberries, 72% dark bittersweet chocolate, flaky sea salt","Dark Chocolate, Strawberry, Flavonoid, Endorphin-Boost, Vegan, Herbal-Enhanced, Digestive-Support"
Herbal-Spiced Dark Chocolate & Walnut Magnesium Energy Bites,Snack,American,Snack,Stressed,200,5.0,20.9,10.8,4.0,12.0,1,0,"72% dark chocolate chips, raw English walnuts, medjool dates, rolled oats","Dark Chocolate, Walnut, Magnesium, Anti-Stress, Vegan, Herbal-Enhanced, Digestive-Support"
Herbal-Spiced Fresh Guacamole with Stoneground Tortilla Chips,Snack,Mexican,Snack,Happy,304,4.0,34.2,16.2,7.0,2.0,1,1,"Hass avocados, lime juice, jalapeño, sea salt, organic corn tortilla chips","Social, Shareable, Heart-Healthy-Fats, Vegan, Herbal-Enhanced, Digestive-Support"
Herbal-Spiced Hummus with Whole-Wheat Pita & Toasted Pepitas,Snack,Mediterranean,Snack,Tired,294,12.0,36.1,12.6,8.0,3.0,1,0,"Chickpea hummus, sesame tahini, whole-wheat pita bread, toasted pepitas, paprika","Pumpkin Seed, Iron, B-Vitamin, Vegan, Herbal-Enhanced, Digestive-Support"
Herbal-Spiced Spiced Dry-Roasted Almonds with Smoked Paprika,Snack,Continental,Snack,Energetic,200,7.0,6.6,16.2,4.0,1.0,1,1,"Dry-roasted whole California almonds, smoked Spanish paprika, sea salt","Pre-Workout, Quick-Fuel, Keto-Friendly, Vegan, Herbal-Enhanced, Digestive-Support"
Herbal-Spiced Warm Roasted Sweet Potato Mash with Cinnamon,Side,American,Dinner,Low Mood,228,4.0,49.4,2.7,7.0,14.0,1,0,"Roasted sweet potatoes, Ceylon cinnamon, warm unsweetened almond milk, sea salt","Sweet Potato Mash, Restorative, Comforting, Serotonin-Support, Vegan, Herbal-Enhanced, Digestive-Support"
Organic Artisan Warm Lentil & Baby Spinach Soup,Soup,Mediterranean,Dinner,Stressed,357,18.9,48.3,7.0,11.0,4.0,1,0,"Brown lentils, baby spinach, minced garlic, extra virgin olive oil, lemon, cumin","High-Fiber, Magnesium, Vegan, Anti-Stress, Clean-Ingredient, Artisan-Style"
Organic Artisan Ginger Simmered Chicken Broth with Rice,Soup,Asian,Dinner,Low Mood,357,27.3,39.9,8.0,3.0,2.0,0,0,"Poached chicken breast, white jasmine rice, sliced young ginger, scallions","Restorative, Broth, Gut-Friendly, Gluten-Free, Clean-Ingredient, Artisan-Style"
Organic Artisan Creamy Roasted Pumpkin Soup with Pepitas,Soup,Continental,Dinner,Relaxed,294,6.3,39.9,11.0,6.0,8.0,1,0,"Roasted sugar pumpkin, light coconut milk, pumpkin seed pepitas, nutmeg","Tryptophan, Soothing, Vegan, Gluten-Free, Clean-Ingredient, Artisan-Style"
Organic Artisan Homestyle Garden Vegetable Noodle Soup,Soup,American,Lunch,Low Mood,273,8.4,46.2,5.0,5.0,4.0,1,0,"Whole-wheat ribbon noodles, diced carrots, celery, fragrant herb vegetable broth","Noodle Soup, Restorative, Warm-Comfort, Vegetarian, Clean-Ingredient, Artisan-Style"
Organic Artisan Fermented Miso Soup with Silken Tofu & Wakame,Soup,Asian,Lunch,Low Mood,147,9.5,12.6,4.0,3.0,2.0,1,0,"Naturally fermented white miso, silken tofu cubes, wakame seaweed, spring green onions","Probiotic, Gut-Health, Low-Calorie, Vegan, Clean-Ingredient, Artisan-Style"
Organic Artisan Tuscan White Bean & Tomato Minestrone,Soup,Italian,Dinner,Low Mood,326,14.7,52.5,6.0,10.0,5.0,1,0,"Cannellini beans, stewed plum tomatoes, zucchini, whole grain ditalini pasta, basil","Cannellini, High-Fiber, Soothing, Mediterranean-Diet, Vegan, Clean-Ingredient, Artisan-Style"
Organic Artisan Spiced Black Bean Soup with Crispy Tortillas,Soup,Mexican,Lunch,Tired,346,17.9,54.6,6.0,14.0,3.0,1,1,"Simmered black beans, cumin, Mexican oregano, baked corn tortilla crisps, cilantro","Black Bean, Iron, High-Fiber, Vegan, Gluten-Free, Clean-Ingredient, Artisan-Style"
Organic Artisan Silken Tofu & Enoki Mushroom Dashi,Soup,Asian,Dinner,Relaxed,178,14.7,12.6,5.0,3.0,2.0,1,0,"Silken tofu, enoki mushrooms, kombu vegetable dashi broth, scallions","Gentle, Calming, Tryptophan, Ultra-Light, Vegan, Clean-Ingredient, Artisan-Style"
Organic Artisan Quinoa & Black Bean Burrito Power Bowl,Bowl,Mexican,Lunch,Tired,483,18.9,73.5,11.0,15.0,4.0,1,1,"White quinoa, spiced simmered black beans, roasted corn, guacamole, salsa verde","Burrito, Iron, Sustained-Energy, High-Fiber, Vegan, Clean-Ingredient, Artisan-Style"
Organic Artisan Roasted Sweet Potato & Black Bean Bowl,Bowl,Mexican,Lunch,Stressed,441,14.7,71.4,9.0,14.0,9.0,1,1,"Garnet sweet potatoes, black beans, sweet corn, cilantro, lime vinaigrette","Magnesium, Complex-Carbs, Vegan, Gluten-Free, Clean-Ingredient, Artisan-Style"
Organic Artisan Grilled Lemon Herb Chicken & Quinoa Power Bowl,Bowl,American,Lunch,Energetic,504,48.3,48.3,12.0,7.0,3.0,0,0,"Grilled chicken breast, Andean tricolor quinoa, massaged kale, avocado, lemon tahini","Protein Bowl, Pre-Workout, High-Protein, Lean-Muscle, Clean-Ingredient, Artisan-Style"
Organic Artisan South Indian Tempered Curd Rice with Pomegranate,Bowl,Indian,Lunch,Low Mood,326,9.5,54.6,7.0,3.0,6.0,1,0,"Cooked basmati rice, probiotic whole curd yogurt, mustard seeds, curry leaves, pomegranate","Curd, Probiotic, Gut-Brain, Ayurvedic, Vegetarian, Clean-Ingredient, Artisan-Style"
Organic Artisan Chamomile Steamed Tofu & Brown Jasmine Rice,Bowl,Asian,Dinner,Stressed,410,22.1,51.5,9.0,6.0,2.0,1,0,"Firm tofu cubes, brown jasmine rice, chamomile herbal broth, baby bok choy, sesame oil","Chamomile, Calming, Magnesium, Plant-Protein, Vegan, Clean-Ingredient, Artisan-Style"
Organic Artisan Fragrant Jasmine Rice with Steamed Sesame Greens,Bowl,Asian,Dinner,Relaxed,357,8.4,65.1,6.0,5.0,3.0,1,0,"Thai jasmine rice, baby bok choy, sugar snap peas, cold-pressed sesame oil","Jasmine Rice, Gentle, Easy-Digestion, Tryptophan, Vegan, Clean-Ingredient, Artisan-Style"
Organic Artisan Buckwheat Soba & Edamame Protein Bowl,Bowl,Asian,Lunch,Energetic,441,21.0,65.1,10.0,8.0,5.0,1,0,"100% buckwheat soba noodles, steamed edamame, purple cabbage, sesame ginger vinaigrette","Protein Bowl, Pre-Workout, Clean-Carbs, Vegan, Clean-Ingredient, Artisan-Style"
Organic Artisan Spinach & Moong Dal Khichdi with Ghee,Curry,Indian,Dinner,Stressed,378,15.8,56.7,8.0,8.0,2.0,1,0,"Yellow moong lentils, basmati rice, fresh spinach, turmeric, cumin seeds, pure cow ghee","Spinach, Lentil, Magnesium, Ayurvedic-Comfort, Soothing, Clean-Ingredient, Artisan-Style"
Organic Artisan Homestyle Yellow Toor Dal with Cumin Rice,Curry,Indian,Dinner,Relaxed,399,14.7,63.0,7.0,9.0,3.0,1,0,"Yellow toor dal lentils, steamed basmati rice, toasted cumin, mild turmeric, ripe tomato","Lentil, Traditional-Comfort, Tryptophan, Gentle, Vegan, Clean-Ingredient, Artisan-Style"
Organic Artisan Iron-Rich Palak Paneer with Whole Wheat Roti,Curry,Indian,Dinner,Tired,441,21.0,39.9,22.0,7.0,4.0,1,1,"Fresh spinach puree, paneer cheese, whole wheat flour roti, garlic, garam masala","Iron, B-Vitamin, High-Protein, Vegetarian, Clean-Ingredient, Artisan-Style"
Organic Artisan Wild Atlantic Salmon with Steamed Asparagus,Main,Continental,Dinner,Stressed,504,39.9,12.6,26.0,5.0,2.0,0,0,"Wild salmon fillet, green asparagus spears, virgin olive oil, lemon zest, sea salt","Salmon, Omega-3, Magnesium, High-Protein, Gluten-Free, Clean-Ingredient, Artisan-Style"
Organic Artisan Herbal Baked Atlantic Cod with Zucchini,Main,Mediterranean,Dinner,Relaxed,378,37.8,14.7,16.0,4.0,4.0,0,0,"Cod fillet, tender zucchini ribbons, fresh dill, virgin olive oil, garlic","Cod, Tryptophan, Gentle, Light-Dinner, High-Protein, Clean-Ingredient, Artisan-Style"
Organic Artisan Grilled Lemon Herb Chicken with Brown Rice,Main,American,Dinner,Energetic,514,48.3,50.4,10.0,7.0,3.0,0,0,"Skinless chicken breast, steamed brown basmati rice, steamed fresh broccoli, olive oil","High-Protein, Pre-Workout, Clean-Fuel, Gluten-Free, Clean-Ingredient, Artisan-Style"
Organic Artisan Grilled Pacific Shrimp with Lemon Herb Quinoa,Main,Mediterranean,Dinner,Energetic,410,35.7,39.9,10.0,5.0,2.0,0,0,"Wild white shrimp, tri-color quinoa, Italian flat-leaf parsley, lemon zest, olive oil","Pre-Workout, High-Protein, Lean, Gluten-Free, Clean-Ingredient, Artisan-Style"
Organic Artisan Artisanal Margherita Sourdough Flatbread,Main,Italian,Lunch,Happy,483,18.9,58.8,18.0,4.0,5.0,1,0,"San Marzano plum tomatoes, fresh buffalo mozzarella, sweet basil, sourdough olive crust","Flatbread, Pizza, Social, Sensory-Joy, Vegetarian, Clean-Ingredient, Artisan-Style"
Organic Artisan Mediterranean Mezze Platter with Baked Falafel,Main,Mediterranean,Lunch,Happy,514,16.8,60.9,22.0,12.0,6.0,1,0,"Baked chickpea falafel, velvety hummus, kalamata olives, diced cucumbers, warm pita","Mezze, Social, High-Fiber, Vegan, Clean-Ingredient, Artisan-Style"
Organic Artisan Vegetable Dum Biryani with Cool Mint Raita,Main,Indian,Lunch,Happy,504,13.7,75.6,14.0,7.0,5.0,1,1,"Aged basmati rice, green beans, carrots, saffron threads, fresh mint, cucumber raita","Biryani, Celebration, Social, Aromatic, Vegetarian, Clean-Ingredient, Artisan-Style"
Organic Artisan Baja Grilled White Fish Tacos with Purple Slaw,Main,Mexican,Lunch,Happy,462,29.4,44.1,16.0,6.0,4.0,0,1,"Grilled cod, stoneground corn tortillas, shaved purple cabbage, avocado crema, lime","Taco, Social, Lean-Protein, Gluten-Free, Clean-Ingredient, Artisan-Style"
Organic Artisan Tandoori Paneer Tikka with Mint Chutney,Main,Indian,Dinner,Happy,430,25.2,14.7,28.0,3.0,4.0,1,1,"Marinated paneer cheese blocks, Kashmiri chili, chickpea flour, lemon, green mint dip","Social, High-Protein, Vegetarian, Gluten-Free, Clean-Ingredient, Artisan-Style"
Organic Artisan Oatmeal with Blueberries & Pumpkin Seeds,Breakfast,American,Breakfast,Stressed,336,11.6,50.4,9.0,8.0,10.0,1,0,"Rolled whole oats, wild blueberries, raw pumpkin seeds, almond milk, Ceylon cinnamon","Oatmeal, Pumpkin Seed, Magnesium, Antioxidant, Vegan, Clean-Ingredient, Artisan-Style"
Organic Artisan Banana Almond Butter High-Protein Oatmeal,Breakfast,American,Breakfast,Energetic,430,23.1,58.8,13.0,8.0,16.0,1,0,"Rolled oats, plant protein isolate, ripe banana, natural almond butter, cinnamon","Banana, Peanut Butter, Pre-Workout, Protein Bowl, Vegan, Clean-Ingredient, Artisan-Style"
Organic Artisan Egg & Avocado Sprouted Whole-Grain Wrap,Breakfast,American,Breakfast,Tired,410,21.0,37.8,18.0,7.0,3.0,1,0,"Scrambled pasture eggs, sprouted tortilla, fresh avocado slices, baby spinach","Avocado Wrap, Egg, B-Vitamin, Clean-Protein, Vegetarian, Clean-Ingredient, Artisan-Style"
Organic Artisan Avocado Sourdough Toast with Raw Hemp Hearts,Breakfast,Continental,Breakfast,Stressed,346,9.5,35.7,18.0,9.0,2.0,1,0,"Artisan sourdough bread, mashed Hass avocado, raw hemp seeds, lemon juice, sea salt","Magnesium, Healthy-Fats, High-Fiber, Vegan, Clean-Ingredient, Artisan-Style"
Organic Artisan Greek Yogurt Parfait with Granola & Chia Seeds,Breakfast,Mediterranean,Breakfast,Energetic,357,25.2,44.1,9.0,5.0,14.0,1,0,"Nonfat strained Greek yogurt, artisan oat granola, black chia seeds, fresh blackberries","Pre-Workout, High-Protein, Vegetarian, Calcium-Rich, Clean-Ingredient, Artisan-Style"
Organic Artisan Rainbow Acai Superfruit Breakfast Bowl,Breakfast,American,Breakfast,Happy,378,8.4,65.1,10.0,9.0,26.0,1,0,"Acai berry puree, ripe banana, golden kiwi slices, wild blueberries, black chia seeds","Acai, Antioxidant, Colorful, Vegan, Flavonoid, Clean-Ingredient, Artisan-Style"
Organic Artisan Hard Boiled Pasture Eggs with Everything Spice,Breakfast,American,Breakfast,Tired,158,13.7,2.1,10.0,1.0,1.0,1,0,"Two large pasture-raised eggs, poppy seeds, toasted sesame, garlic flakes, sea salt","Egg, Iron, High-Protein, Zero-Sugar, Vegetarian, Clean-Ingredient, Artisan-Style"
Organic Artisan Warm Steel-Cut Oats with Stewed Gala Apples,Breakfast,American,Breakfast,Stressed,357,9.5,56.7,11.0,7.0,14.0,1,0,"Steel-cut oats, cinnamon-stewed Gala apples, crushed raw walnuts, pure maple touch","Oatmeal, Walnut, Comforting, Serotonin-Support, Vegan, Clean-Ingredient, Artisan-Style"
Organic Artisan Whipped Ricotta Toast on Sourdough with Honey,Breakfast,Italian,Breakfast,Relaxed,304,12.6,39.9,10.0,3.0,12.0,1,0,"Country sourdough bread, whipped whole milk ricotta cheese, clover honey, sea salt","Tryptophan, Comforting, Vegetarian, Clean-Ingredient, Artisan-Style"
Organic Artisan Sprouted Moong Lentil Salad with Pomegranate,Salad,Indian,Lunch,Tired,284,14.7,44.1,4.0,10.0,12.0,1,0,"Sprouted green moong beans, ruby pomegranate arils, shredded carrots, lime juice","Sprout, Iron, Raw-Enzymes, Vegan, Gluten-Free, Clean-Ingredient, Artisan-Style"
"Organic Artisan Roasted Beetroot, Walnut & Goat Cheese Salad",Salad,Mediterranean,Lunch,Stressed,357,11.6,29.4,20.0,6.0,16.0,1,0,"Roasted red beets, baby arugula, toasted walnuts, creamy goat cheese, aged balsamic","Beetroot, Nitrate, Walnut, Magnesium, Vegetarian, Clean-Ingredient, Artisan-Style"
Organic Artisan Crispy Spiced Chickpea & Tuscan Kale Salad,Salad,Mediterranean,Lunch,Energetic,378,16.8,46.2,14.0,11.0,4.0,1,1,"Paprika roasted chickpeas, chopped lacinato kale, tahini lemon dressing, sunflower seeds","Iron, Pre-Workout, Protein Bowl, Vegan, Clean-Ingredient, Artisan-Style"
Organic Artisan Italian Caprese Salad with Buffalo Mozzarella,Salad,Italian,Lunch,Happy,326,16.8,8.4,24.0,2.0,5.0,1,0,"Vine heirloom tomatoes, fresh water buffalo mozzarella, sweet basil, balsamic glaze","Social, Fresh-Simplicity, High-Calcium, Vegetarian, Clean-Ingredient, Artisan-Style"
Organic Artisan Golden Turmeric Spiced Warm Almond Milk,Beverage,Indian,Snack,Stressed,168,6.3,16.8,7.0,1.0,12.0,1,0,"Almond milk, ground turmeric root, black pepper, cinnamon, raw honey, cardamom","Anti-Stress, Calming, Anti-Inflammatory, Vegetarian, Clean-Ingredient, Artisan-Style"
Organic Artisan Organic Chamomile Peppermint Herbal Infusion,Beverage,Continental,Snack,Stressed,10,0.0,2.1,0.0,0.0,0.0,1,0,"Whole dried chamomile flower heads, crushed spearmint and peppermint leaves, pure water","Chamomile, Peppermint, Soothing, Caffeine-Free, Vegan, Clean-Ingredient, Artisan-Style"
Organic Artisan Ceremonial Matcha Oat Milk Green Tea Latte,Beverage,Asian,Snack,Tired,189,4.2,27.3,6.0,3.0,12.0,1,0,"Ceremonial Japanese matcha, barista oat milk, organic blue agave, vanilla extract","Matcha, Iron, Sustained-Focus, Vegan, Clean-Ingredient, Artisan-Style"
"Organic Artisan Raw Beetroot, Ginger & Orange Performance Juice",Beverage,Continental,Snack,Energetic,200,4.2,44.1,1.0,5.0,28.0,1,0,"Cold-pressed red beet juice, Valencia orange juice, tender coconut water, fresh ginger","Beetroot, Nitrate, Electrolyte, Pre-Workout, Vegan, Clean-Ingredient, Artisan-Style"
Organic Artisan Natural Tender Coconut Water with Fresh Lime,Beverage,Asian,Snack,Energetic,63,1.1,14.7,0.0,1.0,11.0,1,0,"Raw tender green coconut water, Persian lime juice, Himalayan pink salt pinch","Coconut Water, Electrolyte, Hydrating, Potassium, Vegan, Clean-Ingredient, Artisan-Style"
Organic Artisan Sparkling Wild Raspberry Garden Mint Spritzer,Beverage,Continental,Snack,Happy,74,1.1,18.9,0.0,3.0,13.0,1,0,"Sparkling mineral water, muddled red raspberries, fresh garden mint, lime splash","Berry, Social, Refreshing, Flavonoid, Vegan, Clean-Ingredient, Artisan-Style"
Organic Artisan Caffeine-Free Rooibos Chai with Steamed Oat Milk,Beverage,Indian,Snack,Relaxed,147,3.2,23.1,4.0,1.0,14.0,1,0,"Red rooibos tea, oat milk, crushed green cardamom pods, cinnamon, clove, honey","Soothing-Aromas, Calming, Tryptophan, Vegetarian, Clean-Ingredient, Artisan-Style"
Organic Artisan Fresh Organic Strawberries in 72% Dark Chocolate,Dessert,Continental,Snack,Happy,200,3.2,27.3,10.0,4.0,18.0,1,0,"Organic ripe strawberries, 72% dark bittersweet chocolate, flaky sea salt","Dark Chocolate, Strawberry, Flavonoid, Endorphin-Boost, Vegan, Clean-Ingredient, Artisan-Style"
Organic Artisan Dark Chocolate & Walnut Magnesium Energy Bites,Snack,American,Snack,Stressed,220,5.2,23.1,12.0,4.0,12.0,1,0,"72% dark chocolate chips, raw English walnuts, medjool dates, rolled oats","Dark Chocolate, Walnut, Magnesium, Anti-Stress, Vegan, Clean-Ingredient, Artisan-Style"
Organic Artisan Fresh Guacamole with Stoneground Tortilla Chips,Snack,Mexican,Snack,Happy,336,4.2,37.8,18.0,7.0,2.0,1,1,"Hass avocados, lime juice, jalapeño, sea salt, organic corn tortilla chips","Social, Shareable, Heart-Healthy-Fats, Vegan, Clean-Ingredient, Artisan-Style"
Organic Artisan Hummus with Whole-Wheat Pita & Toasted Pepitas,Snack,Mediterranean,Snack,Tired,326,12.6,39.9,14.0,8.0,3.0,1,0,"Chickpea hummus, sesame tahini, whole-wheat pita bread, toasted pepitas, paprika","Pumpkin Seed, Iron, B-Vitamin, Vegan, Clean-Ingredient, Artisan-Style"
Organic Artisan Spiced Dry-Roasted Almonds with Smoked Paprika,Snack,Continental,Snack,Energetic,220,7.4,7.4,18.0,4.0,1.0,1,1,"Dry-roasted whole California almonds, smoked Spanish paprika, sea salt","Pre-Workout, Quick-Fuel, Keto-Friendly, Vegan, Clean-Ingredient, Artisan-Style"
Organic Artisan Warm Roasted Sweet Potato Mash with Cinnamon,Side,American,Dinner,Low Mood,252,4.2,54.6,3.0,7.0,14.0,1,0,"Roasted sweet potatoes, Ceylon cinnamon, warm unsweetened almond milk, sea salt","Sweet Potato Mash, Restorative, Comforting, Serotonin-Support, Vegan, Clean-Ingredient, Artisan-Style"
Restorative Portion Warm Lentil & Baby Spinach Soup,Soup,Mediterranean,Dinner,Stressed,306,17.1,41.4,6.0,11.0,4.0,1,0,"Brown lentils, baby spinach, minced garlic, extra virgin olive oil, lemon, cumin","High-Fiber, Magnesium, Vegan, Anti-Stress, Gentle-Portion, Soothing"
Restorative Portion Ginger Simmered Chicken Broth with Rice,Soup,Asian,Dinner,Low Mood,306,24.7,34.2,6.8,3.0,2.0,0,0,"Poached chicken breast, white jasmine rice, sliced young ginger, scallions","Restorative, Broth, Gut-Friendly, Gluten-Free, Gentle-Portion, Soothing"
